Unnamed: 0,URL,ID,Name,Age,Photo,Nationality,Flag,Overall,Potential,Club,Club Logo,Value,Wage,Special,Preferred Foot,International Reputation,Weak Foot,Skill Moves,Work Rate,Body Type,Real Face,Position,Jersey Number,Joined,Loaned From,Contract Valid Until,Height,Weight,LS,ST,RS,LW,LF,CF,RF,RW,LAM,CAM,RAM,LM,LCM,CM,RCM,RM,LWB,LDM,CDM,RDM,RWB,LB,LCB,CB,RCB,RB,Crossing,Finishing,HeadingAccuracy,ShortPassing,Volleys,Dribbling,Curve,FKAccuracy,LongPassing,BallControl,Acceleration,SprintSpeed,Agility,Reactions,Balance,ShotPower,Jumping,Stamina,Strength,LongShots,Aggression,Interceptions,Positioning,Vision,Penalties,Composure,Marking,StandingTackle,SlidingTackle,GKDiving,GKHandling,GKKicking,GKPositioning,GKReflexes,Release Clause,Latitude,Longitude
1,https://en.wikipedia.org/wiki/Cristiano_Ronaldo,20801,Cristiano Ronaldo,33,https://cdn.sofifa.org/players/4/19/20801.png,Portugal,https://cdn.sofifa.org/flags/38.png,94,94,Juventus,https://cdn.sofifa.org/teams/2/light/45.png,€77M,€405K,2228,Right,5,4,5,High/ Low,C. Ronaldo,Yes,ST,7,10-Jul-18,,2022,6'2,183lbs,91+3,91+3,91+3,89+3,90+3,90+3,90+3,89+3,88+3,88+3,88+3,88+3,81+3,81+3,81+3,88+3,65+3,61+3,61+3,61+3,65+3,61+3,53+3,53+3,53+3,61+3,84,94,89,81,87,88,81,76,77,94,89,91,87,96,70,95,95,88,79,93,63,29,95,82,85,95,28,31,23,7,11,15,14,11,€127.1M,39.399872,-8.224454
15,https://en.wikipedia.org/wiki/Paulo_Dybala,211110,P. Dybala,24,https://cdn.sofifa.org/players/4/19/211110.png,Argentina,https://cdn.sofifa.org/flags/52.png,89,94,Juventus,https://cdn.sofifa.org/teams/2/light/45.png,€89M,€205K,2092,Left,3,3,4,High/ Medium,Normal,Yes,LF,21,1-Jul-15,,2022,5'10,165lbs,83+3,83+3,83+3,87+3,86+3,86+3,86+3,87+3,87+3,87+3,87+3,86+3,79+3,79+3,79+3,86+3,62+3,58+3,58+3,58+3,62+3,56+3,45+3,45+3,45+3,56+3,82,84,68,87,88,92,88,88,75,92,87,83,91,86,85,82,75,80,65,88,48,32,84,87,86,84,23,20,20,5,4,4,5,8,€153.5M,-38.416096,-63.616673
24,https://en.wikipedia.org/wiki/Giorgio_Chiellini,138956,G. Chiellini,33,https://cdn.sofifa.org/players/4/19/138956.png,Italy,https://cdn.sofifa.org/flags/27.png,89,89,Juventus,https://cdn.sofifa.org/teams/2/light/45.png,€27M,€215K,1841,Left,4,3,2,Medium/ High,Normal,Yes,LCB,3,1-Jul-05,,2020,6'2,187lbs,58+3,58+3,58+3,54+3,55+3,55+3,55+3,54+3,54+3,54+3,54+3,56+3,60+3,60+3,60+3,56+3,74+3,76+3,76+3,76+3,74+3,77+3,86+3,86+3,86+3,77+3,58,33,83,59,45,58,60,31,59,57,63,75,54,82,55,78,89,65,89,49,92,88,28,50,50,84,93,93,90,3,3,2,4,3,€44.6M,41.871941,12.56738
64,https://en.wikipedia.org/wiki/Alex_Sandro,191043,Alex Sandro,27,https://cdn.sofifa.org/players/4/19/191043.png,Brazil,https://cdn.sofifa.org/flags/54.png,86,86,Juventus,https://cdn.sofifa.org/teams/2/light/45.png,€36.5M,€160K,2198,Left,3,3,3,High/ High,Normal,Yes,LB,12,21-Aug-15,,2020,5'11,176lbs,74+3,74+3,74+3,77+3,75+3,75+3,75+3,77+3,76+3,76+3,76+3,78+3,77+3,77+3,77+3,78+3,83+3,81+3,81+3,81+3,83+3,83+3,81+3,81+3,81+3,83+3,84,55,76,81,68,80,78,59,71,81,83,86,79,84,78,80,79,92,79,72,82,82,70,70,60,82,81,84,84,7,7,9,12,5,€60.2M,-14.235004,-51.925282
65,https://en.wikipedia.org/wiki/Douglas_Costa,190483,Douglas Costa,27,https://cdn.sofifa.org/players/4/19/190483.png,Brazil,https://cdn.sofifa.org/flags/54.png,86,86,Juventus,https://cdn.sofifa.org/teams/2/light/45.png,€46.5M,€175K,2111,Left,3,3,5,High/ Medium,Normal,Yes,LM,11,1-Jul-18,,2022,5'8,154lbs,77+3,77+3,77+3,85+3,83+3,83+3,83+3,85+3,84+3,84+3,84+3,84+3,78+3,78+3,78+3,84+3,69+3,63+3,63+3,63+3,69+3,64+3,53+3,53+3,53+3,64+3,84,67,50,84,76,92,84,78,68,91,97,93,93,84,91,86,61,78,63,80,55,48,76,84,77,84,45,38,34,13,15,9,12,5,€76.7M,-14.235004,-51.925282
70,https://en.wikipedia.org/wiki/Leonardo_Bonucci,184344,L. Bonucci,31,https://cdn.sofifa.org/players/4/19/184344.png,Italy,https://cdn.sofifa.org/flags/27.png,86,86,Juventus,https://cdn.sofifa.org/teams/2/light/45.png,€30M,€160K,1978,Right,3,3,2,Low/ High,Lean,Yes,RCB,19,2-Aug-18,,2023,6'3,187lbs,65+3,65+3,65+3,63+3,65+3,65+3,65+3,63+3,68+3,68+3,68+3,65+3,74+3,74+3,74+3,65+3,74+3,82+3,82+3,82+3,74+3,76+3,84+3,84+3,84+3,76+3,44,48,86,77,58,69,56,61,85,75,57,65,60,84,52,74,85,71,83,65,82,90,38,74,70,86,90,86,80,2,2,3,2,4,€49.5M,41.871941,12.56738
72,https://en.wikipedia.org/wiki/Miralem_Pjani%C4%87,180206,M. Pjanić,28,https://cdn.sofifa.org/players/4/19/180206.png,Bosnia Herzegovina,https://cdn.sofifa.org/flags/8.png,86,86,Juventus,https://cdn.sofifa.org/teams/2/light/45.png,€44M,€180K,2182,Right,3,4,3,Medium/ Medium,Normal,Yes,CDM,5,1-Jul-16,,2023,5'10,159lbs,72+3,72+3,72+3,79+3,78+3,78+3,78+3,79+3,81+3,81+3,81+3,80+3,83+3,83+3,83+3,80+3,78+3,80+3,80+3,80+3,78+3,76+3,73+3,73+3,73+3,76+3,80,60,60,89,72,86,86,92,85,89,66,66,77,84,79,78,61,78,66,82,70,78,70,88,79,86,75,74,70,7,7,13,7,8,€72.6M,43.858181,18.41234
73,https://en.wikipedia.org/wiki/Medhi_Benatia,177509,M. Benatia,31,https://cdn.sofifa.org/players/4/19/177509.png,Morocco,https://cdn.sofifa.org/flags/129.png,86,86,Juventus,https://cdn.sofifa.org/teams/2/light/45.png,€30M,€160K,1803,Right,3,3,2,Medium/ High,Normal,Yes,CB,4,26-Aug-14,,2020,6'2,207lbs,61+3,61+3,61+3,57+3,58+3,58+3,58+3,57+3,57+3,57+3,57+3,60+3,62+3,62+3,62+3,60+3,73+3,76+3,76+3,76+3,73+3,75+3,84+3,84+3,84+3,75+3,45,47,83,65,44,64,34,27,65,64,65,75,59,82,53,66,85,69,91,24,86,86,38,47,41,82,89,87,85,7,4,8,7,11,€49.5M,31.791702,-7.09262
99,https://en.wikipedia.org/wiki/Sami_Khedira,179846,S. Khedira,31,https://cdn.sofifa.org/players/4/19/179846.png,Germany,https://cdn.sofifa.org/flags/21.png,85,85,Juventus,https://cdn.sofifa.org/teams/2/light/45.png,€33M,€160K,2154,Right,3,4,2,High/ High,Normal,Yes,RCM,6,1-Jul-15,,2021,6'2,198lbs,77+3,77+3,77+3,76+3,78+3,78+3,78+3,76+3,79+3,79+3,79+3,77+3,82+3,82+3,82+3,77+3,78+3,83+3,83+3,83+3,78+3,77+3,81+3,81+3,81+3,77+3,72,72,76,85,78,81,68,68,82,84,54,60,55,87,54,82,68,78,87,78,82,86,79,82,69,84,80,83,76,11,9,5,15,8,€54.5M,51.165691,10.451526
103,https://en.wikipedia.org/wiki/Blaise_Matuidi,170890,B. Matuidi,31,https://cdn.sofifa.org/players/4/19/170890.png,France,https://cdn.sofifa.org/flags/18.png,85,85,Juventus,https://cdn.sofifa.org/teams/2/light/45.png,€26M,€145K,2196,Left,3,2,2,High/ High,Lean,Yes,LM,14,18-Aug-17,,2020,5'11,165lbs,74+3,74+3,74+3,76+3,76+3,76+3,76+3,76+3,77+3,77+3,77+3,78+3,79+3,79+3,79+3,78+3,83+3,83+3,83+3,83+3,83+3,82+3,81+3,81+3,81+3,82+3,75,64,68,83,72,78,65,52,77,79,79,77,83,84,79,78,84,94,76,70,86,86,72,76,56,82,85,84,86,8,11,5,10,14,€42.9M,,
129,https://en.wikipedia.org/wiki/Juan_Cuadrado,193082,J. Cuadrado,30,https://cdn.sofifa.org/players/4/19/193082.png,Colombia,https://cdn.sofifa.org/flags/56.png,84,84,Juventus,https://cdn.sofifa.org/teams/2/light/45.png,€29.5M,€150K,2163,Right,3,3,5,High/ Medium,Lean,Yes,RAM,11,2-Feb-15,,2020,5'10,159lbs,76+3,76+3,76+3,82+3,81+3,81+3,81+3,82+3,81+3,81+3,81+3,81+3,77+3,77+3,77+3,81+3,76+3,72+3,72+3,72+3,76+3,75+3,69+3,69+3,69+3,75+3,80,67,58,80,70,90,78,69,69,85,89,93,91,80,82,84,75,78,61,80,78,62,78,76,65,80,63,70,74,5,5,13,6,9,€48.7M,,
139,https://en.wikipedia.org/wiki/Mario_Mand%C5%BEuki%C4%87,181783,M. Mandžukić,32,https://cdn.sofifa.org/players/4/19/181783.png,Croatia,https://cdn.sofifa.org/flags/10.png,84,84,Juventus,https://cdn.sofifa.org/teams/2/light/45.png,€25M,€160K,2106,Right,3,3,3,High/ High,Lean,Yes,ST,17,1-Jul-15,,2020,6'3,187lbs,81+3,81+3,81+3,76+3,78+3,78+3,78+3,76+3,76+3,76+3,76+3,76+3,75+3,75+3,75+3,76+3,71+3,72+3,72+3,72+3,71+3,71+3,72+3,72+3,72+3,71+3,72,84,90,75,86,76,64,49,67,77,67,73,67,86,53,80,85,83,85,60,88,66,90,74,76,80,59,64,64,10,8,5,8,15,€41.3M,,
152,https://en.wikipedia.org/wiki/Andrea_Barzagli,137186,A. Barzagli,37,https://cdn.sofifa.org/players/4/19/137186.png,Italy,https://cdn.sofifa.org/flags/27.png,84,84,Juventus,https://cdn.sofifa.org/teams/2/light/45.png,€4.2M,€95K,1740,Right,3,3,2,Low/ High,Normal,Yes,CB,15,1-Jan-11,,2019,6'2,192lbs,52+3,52+3,52+3,54+3,55+3,55+3,55+3,54+3,57+3,57+3,57+3,57+3,63+3,63+3,63+3,57+3,71+3,75+3,75+3,75+3,71+3,74+3,82+3,82+3,82+3,74+3,40,21,72,65,35,64,50,31,65,65,61,77,52,80,64,54,81,53,83,39,66,90,28,62,60,88,94,90,82,4,2,4,2,4,€6.9M,,
243,https://en.wikipedia.org/wiki/Federico_Bernardeschi,212404,F. Bernardeschi,24,https://cdn.sofifa.org/players/4/19/212404.png,Italy,https://cdn.sofifa.org/flags/27.png,82,87,Juventus,https://cdn.sofifa.org/teams/2/light/45.png,€29.5M,€110K,2096,Left,2,3,5,High/ High,Lean,Yes,RM,20,24-Jul-17,,2022,6'1,170lbs,75+2,75+2,75+2,81+2,80+2,80+2,80+2,81+2,81+2,81+2,81+2,81+2,78+2,78+2,78+2,81+2,71+2,68+2,68+2,68+2,71+2,68+2,59+2,59+2,59+2,68+2,82,70,50,82,74,86,82,80,72,87,83,83,85,80,79,82,49,80,63,82,52,66,78,80,72,83,65,46,42,14,15,10,13,12,€50.9M,,
245,https://en.wikipedia.org/wiki/Daniele_Rugani,211320,D. Rugani,23,https://cdn.sofifa.org/players/4/19/211320.png,Italy,https://cdn.sofifa.org/flags/27.png,82,86,Juventus,https://cdn.sofifa.org/teams/2/light/45.png,€24.5M,€95K,1705,Right,2,3,2,Low/ Medium,Lean,Yes,CB,15,4-Feb-15,,2021,6'3,185lbs,55+2,55+2,55+2,54+2,55+2,55+2,55+2,54+2,56+2,56+2,56+2,56+2,61+2,61+2,61+2,56+2,70+2,74+2,74+2,74+2,70+2,73+2,80+2,80+2,80+2,73+2,40,33,80,65,35,64,45,25,59,65,56,67,59,78,53,58,81,67,79,39,72,86,28,50,36,70,87,86,82,5,10,5,5,5,€42.3M,41.871941,12.56738
247,https://en.wikipedia.org/wiki/Jo%C3%A3o_Cancelo,210514,João Cancelo,24,https://cdn.sofifa.org/players/4/19/210514.png,Portugal,https://cdn.sofifa.org/flags/38.png,82,88,Juventus,https://cdn.sofifa.org/teams/2/light/45.png,€25.5M,€95K,2174,Right,2,3,4,High/ Medium,Lean,No,RB,2,1-Jul-18,,2023,6'0,163lbs,74+2,74+2,74+2,79+2,78+2,78+2,78+2,79+2,78+2,78+2,78+2,81+2,78+2,78+2,78+2,81+2,82+2,78+2,78+2,78+2,82+2,81+2,75+2,75+2,75+2,81+2,85,58,64,78,62,84,83,69,75,83,91,91,78,82,74,80,73,89,66,66,73,77,78,74,46,77,79,79,79,6,9,15,14,14,€47.2M,39.399872,-8.224454
448,https://en.wikipedia.org/wiki/Emre_Can,208333,E. Can,24,https://cdn.sofifa.org/players/4/19/208333.png,Germany,https://cdn.sofifa.org/flags/21.png,80,85,Juventus,https://cdn.sofifa.org/teams/2/light/45.png,€19.5M,€91K,2153,Right,2,4,3,High/ High,Normal,Yes,CM,23,1-Jul-18,,2022,6'0,181lbs,73+2,73+2,73+2,74+2,75+2,75+2,75+2,74+2,76+2,76+2,76+2,75+2,79+2,79+2,79+2,75+2,78+2,81+2,81+2,81+2,78+2,78+2,80+2,80+2,80+2,78+2,70,60,72,81,61,76,68,65,80,81,69,73,73,78,71,81,76,85,83,75,85,81,73,79,60,74,82,81,80,14,8,8,13,11,€33.6M,,10.451526
815,https://en.wikipedia.org/wiki/Mattia_De_Sciglio,206058,M. De Sciglio,25,https://cdn.sofifa.org/players/4/19/206058.png,Italy,https://cdn.sofifa.org/flags/27.png,78,81,Juventus,https://cdn.sofifa.org/teams/2/light/45.png,€10.5M,€78K,1936,Right,2,5,3,Medium/ Medium,Lean,Yes,RB,2,20-Jul-17,,2022,6'0,172lbs,62+2,62+2,62+2,68+2,65+2,65+2,65+2,68+2,67+2,67+2,67+2,70+2,70+2,70+2,70+2,70+2,77+2,74+2,74+2,74+2,77+2,77+2,74+2,74+2,74+2,77+2,78,33,68,74,41,74,75,39,68,75,75,79,79,72,77,67,77,87,68,51,74,76,64,60,49,72,79,78,78,5,3,5,5,3,€18.1M,41.871941,12.56738
1049,https://en.wikipedia.org/wiki/Leonardo_Spinazzola,202884,L. Spinazzola,25,https://cdn.sofifa.org/players/4/19/202884.png,Italy,https://cdn.sofifa.org/flags/27.png,77,80,Juventus,https://cdn.sofifa.org/teams/2/light/45.png,€11M,€80K,2040,Right,2,4,3,High/ High,Lean,No,LM,37,1-Jul-10,,2022,6'1,165lbs,70+2,70+2,70+2,74+2,73+2,73+2,73+2,74+2,73+2,73+2,73+2,75+2,74+2,74+2,74+2,75+2,77+2,75+2,75+2,75+2,77+2,76+2,73+2,73+2,73+2,76+2,76,60,62,74,59,81,62,41,70,80,77,83,74,74,61,68,76,89,72,68,68,74,70,68,59,74,77,76,76,11,13,12,15,14,€19M,41.871941,12.56738
1149,https://en.wikipedia.org/wiki/Rodrigo_Bentancur,227535,R. Bentancur,21,https://cdn.sofifa.org/players/4/19/227535.png,Uruguay,https://cdn.sofifa.org/flags/60.png,77,89,Juventus,https://cdn.sofifa.org/teams/2/light/45.png,€15.5M,€62K,1916,Right,1,3,4,Medium/ Medium,Lean,No,RCM,6,1-Jul-17,,2022,6'2,159lbs,66+2,66+2,66+2,71+2,71+2,71+2,71+2,71+2,73+2,73+2,73+2,73+2,75+2,75+2,75+2,73+2,72+2,74+2,74+2,74+2,72+2,70+2,69+2,69+2,69+2,70+2,58,53,62,83,45,82,46,49,77,83,67,73,68,72,68,63,74,83,67,62,66,66,60,73,50,80,75,72,64,8,7,14,14,12,€28.7M,,
3418,https://en.wikipedia.org/wiki/Moise_Kean,236610,M. Kean,18,https://cdn.sofifa.org/players/4/19/236610.png,Italy,https://cdn.sofifa.org/flags/27.png,72,87,Juventus,https://cdn.sofifa.org/teams/2/light/45.png,€6.5M,€32K,1672,Right,1,3,3,High/ Medium,Lean,No,ST,18,1-Aug-16,,2020,6'0,174lbs,70+2,70+2,70+2,67+2,69+2,69+2,69+2,67+2,65+2,65+2,65+2,65+2,57+2,57+2,57+2,65+2,48+2,45+2,45+2,45+2,48+2,45+2,42+2,42+2,42+2,45+2,42,75,65,59,64,73,62,43,38,74,75,79,75,68,69,71,68,69,73,58,45,21,72,51,65,68,27,28,16,13,8,10,7,9,€14.8M,41.871941,12.56738
3700,https://en.wikipedia.org/wiki/Carlo_Pinsoglio,189342,C. Pinsoglio,28,https://cdn.sofifa.org/players/4/19/189342.png,Italy,https://cdn.sofifa.org/flags/27.png,72,78,Juventus,https://cdn.sofifa.org/teams/2/light/45.png,€575K,€5K,1510,Left,1,3,2,Medium/ High,Lean,No,LB,31,1-Jul-18,,2021,6'0,172lbs,44+2,44+2,44+2,46+2,45+2,45+2,45+2,46+2,46+2,46+2,46+2,49+2,50+2,50+2,50+2,49+2,59+2,59+2,59+2,59+2,59+2,60+2,62+2,62+2,62+2,60+2,50,10,60,58,38,52,41,40,55,54,63,67,54,59,54,57,68,54,68,32,57,60,22,43,43,56,64,66,68,14,5,12,10,12,€1.3M,41.871941,12.56738
13896,https://en.wikipedia.org/wiki/Pietro_Beruatto,245491,P. Beruatto,19,https://cdn.sofifa.org/players/4/19/245491.png,Italy,https://cdn.sofifa.org/flags/27.png,62,88,Napoli,https://cdn.sofifa.org/teams/2/light/48.png,€62M,€165K,2017,Right,3,3,4,High/ Medium,Normal,Yes,LW,10,1-Jul-10,,2022,5'4,130lbs,78+3,78+3,78+3,86+3,85+3,85+3,85+3,86+3,86+3,86+3,86+3,86+3,78+3,78+3,78+3,86+3,63+3,58+3,58+3,58+3,63+3,58+3,44+3,44+3,44+3,58+3,86,77,56,85,74,90,87,77,78,93,94,86,94,83,93,75,53,75,44,84,34,26,83,87,61,83,51,24,22,8,4,14,9,10,€105.4M,41.871941,12.56738
29,https://en.wikipedia.org/wiki/Lorenzo_Insigne,198219,L. Insigne,27,https://cdn.sofifa.org/players/4/19/198219.png,Italy,https://cdn.sofifa.org/flags/27.png,88,90,Napoli,https://cdn.sofifa.org/teams/2/light/48.png,€51M,€115K,1660,Right,3,3,2,High/ High,Normal,Yes,LCB,26,1-Jul-14,,2021,6'2,196lbs,52+3,52+3,52+3,51+3,52+3,52+3,52+3,51+3,52+3,52+3,52+3,55+3,58+3,58+3,58+3,55+3,71+3,75+3,75+3,75+3,71+3,75+3,84+3,84+3,84+3,75+3,30,19,81,66,14,66,28,28,56,60,68,75,50,80,40,55,81,71,94,15,87,88,24,43,33,78,91,88,86,7,11,7,13,5,€90.5M,,
44,https://en.wikipedia.org/wiki/Kalidou_Koulibaly,201024,K. Koulibaly,27,https://cdn.sofifa.org/players/4/19/201024.png,Senegal,https://cdn.sofifa.org/flags/136.png,87,87,Napoli,https://cdn.sofifa.org/teams/2/light/48.png,€45M,€135K,2043,Right,3,4,4,High/ Low,Normal,Yes,RF,14,1-Jul-13,,2020,5'7,134lbs,78+3,78+3,78+3,86+3,85+3,85+3,85+3,86+3,86+3,86+3,86+3,85+3,78+3,78+3,78+3,85+3,65+3,60+3,60+3,60+3,65+3,60+3,46+3,46+3,46+3,60+3,77,86,35,82,70,91,82,79,74,89,93,85,94,88,92,80,60,75,42,81,59,36,87,83,79,81,25,40,40,7,10,8,10,4,€76.5M,,
50,https://en.wikipedia.org/wiki/Dries_Mertens,175943,D. Mertens,31,https://cdn.sofifa.org/players/4/19/175943.png,Belgium,https://cdn.sofifa.org/flags/7.png,87,87,Napoli,https://cdn.sofifa.org/teams/2/light/48.png,€46.5M,€125K,2188,Right,3,5,3,High/ Medium,Normal,Yes,LCM,17,1-Jul-07,,2020,6'0,174lbs,81+3,81+3,81+3,82+3,83+3,83+3,83+3,82+3,84+3,84+3,84+3,82+3,84+3,84+3,84+3,82+3,77+3,78+3,78+3,78+3,77+3,75+3,72+3,72+3,72+3,75+3,78,79,74,88,79,86,80,72,83,87,69,68,76,88,66,82,71,84,67,83,56,72,88,86,70,84,75,73,62,8,6,4,14,14,€79.1M,,
52,https://en.wikipedia.org/wiki/Marek_Ham%C5%A1%C3%Adk,171877,M. Hamšík,30,https://cdn.sofifa.org/players/4/19/171877.png,Slovakia,https://cdn.sofifa.org/flags/43.png,87,84,Napoli,https://cdn.sofifa.org/teams/2/light/48.png,€27.5M,€105K,2045,Right,3,3,3,High/ High,Lean,Yes,RM,7,11-Jul-13,,2020,5'10,161lbs,79+3,79+3,79+3,82+3,82+3,82+3,82+3,82+3,81+3,81+3,81+3,81+3,73+3,73+3,73+3,81+3,67+3,60+3,60+3,60+3,67+3,63+3,54+3,54+3,54+3,63+3,82,78,65,80,84,82,73,65,51,85,88,89,85,82,80,78,73,91,55,80,54,40,88,78,62,79,64,32,32,8,5,14,11,11,€46.8M,,
137,https://en.wikipedia.org/wiki/Jos%C3%A9_Callej%C3%B3n,185020,José Callejón,31,https://cdn.sofifa.org/players/4/19/185020.png,Spain,https://cdn.sofifa.org/flags/45.png,84,84,Napoli,https://cdn.sofifa.org/teams/2/light/48.png,€18M,€88K,1765,Right,3,3,2,Low/ High,Lean,Yes,RCB,33,21-Jul-13,,2021,6'3,181lbs,55+3,55+3,55+3,54+3,56+3,56+3,56+3,54+3,59+3,59+3,59+3,57+3,66+3,66+3,66+3,57+3,70+3,78+3,78+3,78+3,70+3,72+3,82+3,82+3,82+3,72+3,38,27,77,74,31,59,53,45,72,71,54,53,53,82,56,65,77,55,82,53,81,86,30,57,37,75,89,87,85,8,6,5,9,8,€30.6M,,
150,https://en.wikipedia.org/wiki/Ra%C3%BAl_Albiol,157481,Raúl Albiol,32,https://cdn.sofifa.org/players/4/19/157481.png,Spain,https://cdn.sofifa.org/flags/45.png,84,83,Napoli,https://cdn.sofifa.org/teams/2/light/48.png,€26.5M,€87K,2157,Right,2,3,4,Medium/ High,Normal,No,RCM,5,22-Jul-15,,2023,5'9,163lbs,74+2,74+2,74+2,78+2,78+2,78+2,78+2,78+2,79+2,79+2,79+2,79+2,81+2,81+2,81+2,79+2,82+2,83+2,83+2,83+2,82+2,82+2,80+2,80+2,80+2,82+2,70,72,59,85,56,82,65,49,77,80,81,74,82,86,80,70,70,95,77,66,87,86,79,79,53,79,85,85,83,13,13,5,5,8,€45.1M,-14.235004,-51.925282
190,"https://en.wikipedia.org/wiki/Allan_(footballer,_born_1991)",199914,Allan,27,https://cdn.sofifa.org/players/4/19/199914.png,Brazil,https://cdn.sofifa.org/flags/54.png,83,89,Napoli,https://cdn.sofifa.org/teams/2/light/48.png,€26M,€64K,2094,Left,1,4,4,Medium/ Medium,Lean,No,LM,8,5-Jul-18,,2023,6'2,154lbs,76+2,76+2,76+2,78+2,78+2,78+2,78+2,78+2,79+2,79+2,79+2,77+2,80+2,80+2,80+2,77+2,75+2,76+2,76+2,76+2,75+2,74+2,72+2,72+2,72+2,74+2,72,79,67,80,65,81,74,59,80,83,69,67,73,79,66,75,46,73,69,82,66,77,80,82,67,77,70,78,75,16,11,7,13,13,€49.4M,,
326,https://en.wikipedia.org/wiki/Fabi%C3%A1n_Ruiz,226271,Fabián,22,https://cdn.sofifa.org/players/4/19/226271.png,Spain,https://cdn.sofifa.org/flags/45.png,81,86,Napoli,https://cdn.sofifa.org/teams/2/light/48.png,€20M,€58K,1935,Right,2,3,3,Medium/ Medium,Normal,No,RB,23,2-Aug-15,,2021,6'0,154lbs,65+2,65+2,65+2,70+2,68+2,68+2,68+2,70+2,69+2,69+2,69+2,73+2,71+2,71+2,71+2,73+2,79+2,77+2,77+2,77+2,79+2,79+2,76+2,76+2,76+2,79+2,78,47,66,77,40,75,40,30,70,77,79,82,76,79,69,68,69,87,69,43,79,80,63,59,40,76,80,81,80,12,6,14,9,11,€35.5M,,
339,https://en.wikipedia.org/wiki/Elseid_Hysaj ,210864,E. Hysaj,24,https://cdn.sofifa.org/players/4/19/210864.png,Albania,https://cdn.sofifa.org/flags/1.png,81,88,Napoli,https://cdn.sofifa.org/teams/2/light/48.png,€24.5M,€64K,2075,Right,3,5,4,Medium/ Medium,Lean,No,RCM,20,9-Aug-16,,2021,5'11,165lbs,73+3,73+3,73+3,79+3,78+3,78+3,78+3,79+3,80+3,80+3,80+3,79+3,79+3,79+3,79+3,79+3,76+3,74+3,74+3,74+3,76+3,74+3,67+3,67+3,67+3,74+3,77,65,52,82,70,84,80,65,79,85,82,84,79,76,76,76,54,72,54,80,56,75,77,82,51,75,69,72,71,12,9,12,11,6,€46.6M,51.919437,19.145136
340,https://en.wikipedia.org/wiki/Piotr_Zieli%C5%84ski,210406,P. Zieliński,24,https://cdn.sofifa.org/players/4/19/210406.png,Poland,https://cdn.sofifa.org/flags/37.png,81,88,Napoli,https://cdn.sofifa.org/teams/2/light/48.png,€25.5M,€71K,1937,Left,3,3,4,Medium/ Medium,Lean,Yes,CF,7,2-Aug-16,,2021,6'1,172lbs,79+3,79+3,79+3,73+3,75+3,75+3,75+3,73+3,72+3,72+3,72+3,71+3,66+3,66+3,66+3,71+3,55+3,55+3,55+3,55+3,55+3,54+3,52+3,52+3,52+3,54+3,58,88,78,63,76,74,71,74,62,78,69,74,68,75,63,85,62,73,78,82,67,36,81,60,79,72,35,34,32,9,16,16,15,6,€48.5M,51.919437,19.145136
350,https://en.wikipedia.org/wiki/Arkadiusz_Milik,205175,A. Milik,24,https://cdn.sofifa.org/players/4/19/205175.png,Poland,https://cdn.sofifa.org/flags/37.png,81,82,Napoli,https://cdn.sofifa.org/teams/2/light/48.png,€16.5M,€68K,2114,Left,2,4,3,High/ Medium,Normal,No,LB,31,31-Jan-14,,2022,6'0,176lbs,70+2,70+2,70+2,74+2,73+2,73+2,73+2,74+2,73+2,73+2,73+2,76+2,76+2,76+2,76+2,76+2,80+2,77+2,77+2,77+2,80+2,79+2,76+2,76+2,76+2,79+2,85,54,70,79,52,79,77,68,74,80,71,82,72,79,62,80,73,88,68,69,74,76,69,69,76,75,79,81,80,12,7,8,8,13,€29.3M,,
358,https://en.wikipedia.org/wiki/Faouzi_Ghoulam,201454,F. Ghoulam,27,https://cdn.sofifa.org/players/4/19/201454.png,Algeria,https://cdn.sofifa.org/flags/97.png,81,81,Napoli,https://cdn.sofifa.org/teams/2/light/48.png,€19.5M,€77K,2053,Left,2,5,4,High/ Medium,Lean,No,RW,9,1-Jul-18,,2023,5'7,134lbs,73+2,73+2,73+2,81+2,79+2,79+2,79+2,81+2,81+2,81+2,81+2,81+2,76+2,76+2,76+2,81+2,69+2,63+2,63+2,63+2,69+2,65+2,53+2,53+2,53+2,65+2,82,67,42,82,74,84,84,84,76,86,88,86,92,78,90,81,51,75,48,77,48,36,76,82,68,78,55,48,60,12,10,7,15,9,€33.2M,41.871941,12.56738
367,https://en.wikipedia.org/wiki/Simone_Verdi,196889,S. Verdi,25,https://cdn.sofifa.org/players/4/19/196889.png,Italy,https://cdn.sofifa.org/flags/27.png,81,80,Napoli,https://cdn.sofifa.org/teams/2/light/48.png,€11.5M,€60K,2066,Left,2,3,3,High/ Medium,Lean,No,LB,19,6-Jan-18,,2022,5'7,148lbs,62+2,62+2,62+2,71+2,68+2,68+2,68+2,71+2,70+2,70+2,70+2,73+2,73+2,73+2,73+2,73+2,78+2,74+2,74+2,74+2,78+2,77+2,72+2,72+2,72+2,77+2,79,27,60,76,53,79,68,66,72,76,88,83,88,78,89,69,92,91,54,73,73,77,59,64,60,73,71,76,76,13,5,9,8,14,€20.4M,39.399872,-8.224454
702,https://en.wikipedia.org/wiki/David_Ospina,176550,D. Ospina,29,https://cdn.sofifa.org/players/4/19/176550.png,Colombia,https://cdn.sofifa.org/flags/56.png,79,81,Napoli,https://cdn.sofifa.org/teams/2/light/48.png,€11M,€54K,1584,Right,2,3,2,Medium/ High,Lean,No,CB,19,9-Jul-17,,2021,6'4,192lbs,49+2,49+2,49+2,48+2,47+2,47+2,47+2,48+2,48+2,48+2,48+2,51+2,54+2,54+2,54+2,51+2,67+2,69+2,69+2,69+2,67+2,70+2,77+2,77+2,77+2,70+2,45,22,79,59,28,49,29,23,59,61,62,68,49,71,58,39,67,67,86,29,78,80,29,31,26,70,79,80,79,12,9,5,11,15,€19.5M,,
781,https://en.wikipedia.org/wiki/Nemanja_Maksimovi%C4%87,215466,N. Maksimović,26,https://cdn.sofifa.org/players/4/19/215466.png,Serbia,https://cdn.sofifa.org/flags/51.png,78,78,Napoli,https://cdn.sofifa.org/teams/2/light/48.png,€8.5M,€57K,1866,Right,2,3,2,Medium/ Medium,Lean,Yes,CB,21,30-Jul-15,,2022,6'0,165lbs,63+2,63+2,63+2,58+2,60+2,60+2,60+2,58+2,59+2,59+2,59+2,59+2,64+2,64+2,64+2,59+2,69+2,73+2,73+2,73+2,69+2,71+2,76+2,76+2,76+2,71+2,46,56,73,68,70,59,46,25,70,66,66,67,57,74,72,82,73,66,72,72,76,79,36,46,51,69,83,82,78,7,11,10,14,13,€14.5M,,
817,https://en.wikipedia.org/wiki/Vlad_Chiriche%C8%99,205943,V. Chiricheş,28,https://cdn.sofifa.org/players/4/19/205943.png,Romania,https://cdn.sofifa.org/flags/39.png,78,87,Napoli,https://cdn.sofifa.org/teams/2/light/48.png,€14M,€41K,1932,Right,2,3,3,Medium/ High,Lean,No,CM,42,29-Aug-16,,2021,6'0,163lbs,62+2,62+2,62+2,68+2,68+2,68+2,68+2,68+2,71+2,71+2,71+2,71+2,75+2,75+2,75+2,71+2,75+2,77+2,77+2,77+2,75+2,74+2,73+2,73+2,73+2,74+2,64,39,59,82,46,76,62,37,76,80,68,70,78,76,69,66,58,84,70,56,82,77,54,78,52,75,73,76,72,11,14,5,11,11,€26.6M,,
1156,https://en.wikipedia.org/wiki/Amadou_Diawara,230613,A. Diawara,20,https://cdn.sofifa.org/players/4/19/230613.png,Guinea,https://cdn.sofifa.org/flags/118.png,77,77,Napoli,https://cdn.sofifa.org/teams/2/light/48.png,€7.5M,€47K,2009,Right,2,3,3,High/ Medium,Normal,No,RB,2,8-Aug-18,,2022,5'10,170lbs,69+2,69+2,69+2,73+2,71+2,71+2,71+2,73+2,71+2,71+2,71+2,74+2,71+2,71+2,71+2,74+2,75+2,73+2,73+2,73+2,75+2,74+2,72+2,72+2,72+2,74+2,78,66,63,76,56,78,58,47,69,75,80,87,76,70,70,66,72,77,76,56,77,71,66,66,55,67,72,74,75,12,13,12,9,11,€13.3M,,
1254,https://en.wikipedia.org/wiki/K%C3%A9vin_Malcuit,198949,K. Malcuit,26,https://cdn.sofifa.org/players/4/19/198949.png,France,https://cdn.sofifa.org/flags/18.png,76,81,Napoli,https://cdn.sofifa.org/teams/2/light/48.png,€9M,€43K,1953,Right,2,3,3,High/ Medium,Normal,No,CM,30,18-Jul-17,,2021,5'11,161lbs,67+2,67+2,67+2,74+2,72+2,72+2,72+2,74+2,74+2,74+2,74+2,74+2,74+2,74+2,74+2,74+2,70+2,70+2,70+2,70+2,70+2,68+2,65+2,65+2,65+2,68+2,75,62,47,82,65,80,64,57,78,78,78,75,63,72,67,70,48,64,68,74,74,58,62,76,60,76,64,68,66,6,15,12,13,12,€17.1M,,
1763,https://en.wikipedia.org/wiki/Alex_Meret,225116,A. Meret,21,https://cdn.sofifa.org/players/4/19/225116.png,Italy,https://cdn.sofifa.org/flags/27.png,75,76,Napoli,https://cdn.sofifa.org/teams/2/light/48.png,€8M,€47K,1820,Right,2,3,4,Medium/ Medium,Normal,No,LW,34,1-Jul-18,,2022,5'6,157lbs,67+2,67+2,67+2,75+2,74+2,74+2,74+2,75+2,76+2,76+2,76+2,75+2,71+2,71+2,71+2,75+2,59+2,57+2,57+2,57+2,59+2,55+2,46+2,46+2,46+2,55+2,56,58,44,77,62,88,78,59,57,84,84,75,84,77,92,55,37,79,50,56,55,42,74,76,58,69,30,43,25,15,11,9,15,15,€14.2M,51.165691,10.451526
1859,https://en.wikipedia.org/wiki/Amin_Younes,205966,A. Younes,24,https://cdn.sofifa.org/players/4/19/205966.png,Germany,https://cdn.sofifa.org/flags/21.png,75,82,Napoli,https://cdn.sofifa.org/teams/2/light/48.png,€6M,€35K,1847,Left,1,4,3,Medium/ Medium,Lean,No,RW,11,4-Jul-17,,2022,5'8,143lbs,67+2,67+2,67+2,72+2,71+2,71+2,71+2,72+2,72+2,72+2,72+2,72+2,67+2,67+2,67+2,72+2,61+2,58+2,58+2,58+2,61+2,58+2,51+2,51+2,51+2,58+2,65,68,51,72,64,79,68,62,65,75,86,77,88,64,80,68,58,68,48,65,64,47,68,67,60,65,28,54,47,8,6,8,7,12,€11.4M,,
2769,https://en.wikipedia.org/wiki/Adam_Ounas,231242,A. Ounas,21,https://cdn.sofifa.org/players/4/19/231242.png,Algeria,https://cdn.sofifa.org/flags/97.png,73,80,Napoli,https://cdn.sofifa.org/teams/2/light/48.png,€2.5M,€19K,1724,Left,1,3,2,Medium/ Medium,Lean,No,CB,13,23-Aug-13,,2023,6'3,165lbs,59+2,59+2,59+2,57+2,57+2,57+2,57+2,57+2,56+2,56+2,56+2,57+2,59+2,59+2,59+2,57+2,65+2,65+2,65+2,65+2,65+2,66+2,68+2,68+2,68+2,66+2,65,50,70,65,45,52,47,42,54,63,54,54,56,66,61,72,70,68,70,68,64,68,52,43,44,62,70,72,72,12,6,12,11,6,€4.8M,41.87194,12.56738
40,https://en.wikipedia.org/wiki/Samir_Handanovi%C4%87,162835,S. Handanovič,33,https://cdn.sofifa.org/players/4/19/162835.png,Slovenia,https://cdn.sofifa.org/flags/44.png,88,90,Inter,https://cdn.sofifa.org/teams/2/light/44.png,€64.5M,€130K,1940,Right,3,4,3,Medium/ Low,Normal,Yes,ST,9,9-Jul-13,,2021,5'11,165lbs,84+3,84+3,84+3,76+3,81+3,81+3,81+3,76+3,76+3,76+3,76+3,74+3,68+3,68+3,68+3,74+3,54+3,53+3,53+3,53+3,54+3,52+3,51+3,51+3,51+3,52+3,46,91,91,73,85,77,58,45,54,81,77,78,76,88,76,84,94,72,76,70,56,22,92,64,82,85,45,24,20,13,9,5,7,9,€114.5M,-38.416096,-63.616673
43,https://en.wikipedia.org/wiki/Mauro_Icardi,201399,M. Icardi,25,https://cdn.sofifa.org/players/4/19/201399.png,Argentina,https://cdn.sofifa.org/flags/52.png,87,92,Inter,https://cdn.sofifa.org/teams/2/light/44.png,€46.5M,€82K,1800,Right,1,4,2,Medium/ High,Normal,No,LCB,37,7-Jul-17,,2022,6'2,176lbs,57+2,57+2,57+2,56+2,57+2,57+2,57+2,56+2,58+2,58+2,58+2,60+2,65+2,65+2,65+2,60+2,73+2,78+2,78+2,78+2,73+2,76+2,83+2,83+2,83+2,76+2,40,42,80,70,40,59,34,30,68,67,70,73,48,81,48,50,78,77,83,30,86,86,30,57,56,80,92,88,82,10,13,12,8,12,€88.4M,,
77,https://en.wikipedia.org/wiki/Milan_%C5%A0kriniar,232363,M. Škriniar,23,https://cdn.sofifa.org/players/4/19/232363.png,Slovakia,https://cdn.sofifa.org/flags/43.png,85,85,Inter,https://cdn.sofifa.org/teams/2/light/44.png,€37.5M,€110K,2199,Right,3,5,4,Medium/ Medium,Lean,Yes,LM,44,1-Sep-15,,2022,6'1,176lbs,82+3,82+3,82+3,82+3,82+3,82+3,82+3,82+3,81+3,81+3,81+3,83+3,79+3,79+3,79+3,83+3,75+3,72+3,72+3,72+3,75+3,72+3,68+3,68+3,68+3,72+3,83,79,80,81,81,84,73,75,77,85,84,88,78,81,74,84,84,89,78,79,65,69,85,79,76,80,64,52,54,6,7,10,9,6,€63.8M,,
97,https://en.wikipedia.org/wiki/Ivan_Peri%C5%A1i%C4%87,181458,I. Perišić,29,https://cdn.sofifa.org/players/4/19/181458.png,Croatia,https://cdn.sofifa.org/flags/10.png,85,85,Inter,https://cdn.sofifa.org/teams/2/light/44.png,€35.5M,€105K,2278,Right,3,3,3,High/ High,Stocky,Yes,CAM,14,1-Jul-18,,2022,5'9,170lbs,78+3,78+3,78+3,80+3,81+3,81+3,81+3,80+3,81+3,81+3,81+3,80+3,83+3,83+3,83+3,80+3,83+3,84+3,84+3,84+3,83+3,83+3,81+3,81+3,81+3,83+3,73,75,59,84,75,80,73,68,81,85,78,73,76,87,82,84,76,93,77,86,88,86,86,76,63,84,83,86,90,11,11,14,8,11,€60.4M,,
101,https://en.wikipedia.org/wiki/Radja_Nainggolan,178518,R. Nainggolan,30,https://cdn.sofifa.org/players/4/19/178518.png,Belgium,https://cdn.sofifa.org/flags/7.png,85,85,Inter,https://cdn.sofifa.org/teams/2/light/44.png,€15.5M,€96K,1879,Right,3,3,2,Medium/ High,Lean,Yes,CB,23,1-Jul-17,,2020,6'1,172lbs,62+3,62+3,62+3,61+3,62+3,62+3,62+3,61+3,62+3,62+3,62+3,63+3,67+3,67+3,67+3,63+3,74+3,78+3,78+3,78+3,74+3,76+3,83+3,83+3,83+3,76+3,48,43,80,70,51,67,32,39,69,73,66,69,61,81,57,70,82,65,79,41,83,85,43,58,49,81,90,90,85,12,6,10,13,12,€26.4M,-14.235004,-51.925282
104,"https://en.wikipedia.org/wiki/Miranda_(footballer,_born_1984)",168609,Miranda,33,https://cdn.sofifa.org/players/4/19/168609.png,Brazil,https://cdn.sofifa.org/flags/54.png,85,86,Inter,https://cdn.sofifa.org/teams/2/light/44.png,€31.5M,€88K,1808,Right,3,4,2,Medium/ High,Normal,No,CB,14,1-Jul-18,,2023,6'2,172lbs,57+3,57+3,57+3,58+3,58+3,58+3,58+3,58+3,61+3,61+3,61+3,60+3,67+3,67+3,67+3,60+3,73+3,77+3,77+3,77+3,73+3,76+3,82+3,82+3,82+3,76+3,49,25,80,71,27,63,45,16,71,71,67,69,61,80,59,65,76,66,80,60,78,87,32,59,41,82,88,87,83,8,10,7,14,13,€55.9M,,
127,https://en.wikipedia.org/wiki/Stefan_de_Vrij,198176,S. de Vrij,26,https://cdn.sofifa.org/players/4/19/198176.png,Netherlands,https://cdn.sofifa.org/flags/34.png,84,84,Inter,https://cdn.sofifa.org/teams/2/light/44.png,€22.5M,€57K,1983,Left,2,4,4,High/ Medium,Normal,No,RM,16,,Sassuolo,30-Jun-19,5'7,148lbs,73+2,73+2,73+2,80+2,78+2,78+2,78+2,80+2,79+2,79+2,79+2,79+2,73+2,73+2,73+2,79+2,64+2,60+2,60+2,60+2,64+2,59+2,48+2,48+2,48+2,59+2,79,74,40,78,73,84,77,75,74,83,85,84,90,79,82,78,50,79,45,82,63,38,77,75,70,79,63,29,29,11,12,6,8,11,,41.87194,12.56738
332,https://en.wikipedia.org/wiki/Matteo_Politano,216409,M. Politano,24,https://cdn.sofifa.org/players/4/19/216409.png,Italy,https://cdn.sofifa.org/flags/27.png,81,84,Inter,https://cdn.sofifa.org/teams/2/light/44.png,€18.5M,€64K,2149,Right,2,4,3,Medium/ Medium,Lean,Yes,LDM,77,1-Jul-16,,2022,5'11,150lbs,73+2,73+2,73+2,76+2,76+2,76+2,76+2,76+2,78+2,78+2,78+2,77+2,80+2,80+2,80+2,77+2,77+2,79+2,79+2,79+2,77+2,76+2,74+2,74+2,74+2,76+2,72,69,62,83,65,81,79,74,83,83,69,70,74,77,74,80,68,84,66,81,79,81,69,80,69,78,75,77,75,8,8,15,11,8,€32.8M,,
333,https://en.wikipedia.org/wiki/Marcelo_Brozovi%C4%87,216352,M. Brozović,25,https://cdn.sofifa.org/players/4/19/216352.png,Croatia,https://cdn.sofifa.org/flags/10.png,81,84,Inter,https://cdn.sofifa.org/teams/2/light/44.png,€22.5M,€71K,2055,Right,3,4,4,Medium/ Medium,Normal,Yes,CAM,10,28-Aug-16,,2021,5'10,161lbs,72+3,72+3,72+3,77+3,76+3,76+3,76+3,77+3,78+3,78+3,78+3,77+3,78+3,78+3,78+3,77+3,73+3,73+3,73+3,73+3,73+3,70+3,66+3,66+3,66+3,70+3,77,64,55,83,69,83,74,67,78,83,73,69,81,73,77,76,64,79,68,72,60,72,77,81,66,82,57,70,62,6,15,8,8,8,€39.9M,39.399872,-8.224454
337,"https://en.wikipedia.org/wiki/Jo%C3%A3o_M%C3%A1rio_(footballer,_born_January_1993)",212814,João Mário,25,https://cdn.sofifa.org/players/4/19/212814.png,Portugal,https://cdn.sofifa.org/flags/38.png,81,84,Inter,https://cdn.sofifa.org/teams/2/light/44.png,€18M,€57K,2069,Right,2,3,3,High/ Medium,Lean,No,RB,2,,Atlético Madrid,30-Jun-19,5'11,168lbs,67+2,67+2,67+2,71+2,70+2,70+2,70+2,71+2,70+2,70+2,70+2,74+2,73+2,73+2,73+2,74+2,79+2,77+2,77+2,77+2,79+2,79+2,77+2,77+2,77+2,79+2,82,44,73,77,53,74,70,57,70,79,82,79,67,77,72,75,85,90,73,58,75,79,65,68,52,67,77,81,77,15,11,10,10,12,,,
354,https://en.wikipedia.org/wiki/%C5%A0ime_Vrsaljko,203890,S. Vrsaljko,26,https://cdn.sofifa.org/players/4/19/203890.png,Croatia,https://cdn.sofifa.org/flags/10.png,81,81,Inter,https://cdn.sofifa.org/teams/2/light/44.png,€15.5M,€74K,2084,Right,3,4,4,Medium/ Medium,Normal,No,RM,87,3-Aug-16,,2021,5'11,154lbs,76+3,76+3,76+3,79+3,78+3,78+3,78+3,79+3,78+3,78+3,78+3,79+3,77+3,77+3,77+3,79+3,73+3,71+3,71+3,71+3,73+3,70+3,64+3,64+3,64+3,70+3,83,73,55,78,75,82,74,71,73,83,77,78,74,78,76,87,35,86,69,82,66,67,79,77,83,73,61,63,53,10,4,14,4,14,€26.4M,41.87194,12.56738
393,https://en.wikipedia.org/wiki/Antonio_Candreva,173221,A. Candreva,31,https://cdn.sofifa.org/players/4/19/173221.png,Italy,https://cdn.sofifa.org/flags/27.png,81,81,Inter,https://cdn.sofifa.org/teams/2/light/44.png,€11M,€74K,2039,Right,3,4,4,Medium/ Medium,Normal,No,CAM,20,10-Jul-17,,2020,5'9,161lbs,71+3,71+3,71+3,76+3,76+3,76+3,76+3,76+3,80+3,80+3,80+3,77+3,81+3,81+3,81+3,77+3,72+3,74+3,74+3,74+3,72+3,69+3,66+3,66+3,66+3,69+3,78,67,60,89,70,85,78,76,85,88,55,52,74,81,80,72,67,69,66,70,52,70,70,86,72,83,65,66,62,5,4,10,8,7,€18.7M,,
402,https://en.wikipedia.org/wiki/Borja_Valero,161956,Borja Valero,33,https://cdn.sofifa.org/players/4/19/161956.png,Spain,https://cdn.sofifa.org/flags/45.png,81,81,Inter,https://cdn.sofifa.org/teams/2/light/44.png,€14.5M,€63K,2052,Right,2,3,4,High/ High,Lean,No,LM,15,2-Aug-17,,2022,6'2,179lbs,74+2,74+2,74+2,76+2,77+2,77+2,77+2,76+2,78+2,78+2,78+2,78+2,80+2,80+2,80+2,78+2,77+2,78+2,78+2,78+2,77+2,76+2,76+2,76+2,76+2,76+2,71,61,75,83,62,84,64,58,79,84,74,69,66,83,56,78,67,81,75,77,72,76,74,81,56,81,76,77,73,4,4,4,4,4,€25.7M,,
433,https://en.wikipedia.org/wiki/Mat%C3%ADas_Vecino,219985,M. Vecino,26,https://cdn.sofifa.org/players/4/19/219985.png,Uruguay,https://cdn.sofifa.org/flags/60.png,80,85,Inter,https://cdn.sofifa.org/teams/2/light/44.png,€20M,€65K,1921,Right,2,4,4,High/ Low,Normal,Yes,RM,11,,AS Monaco,30-Jun-19,5'11,176lbs,77+2,77+2,77+2,80+2,79+2,79+2,79+2,80+2,78+2,78+2,78+2,79+2,70+2,70+2,70+2,79+2,59+2,54+2,54+2,54+2,59+2,55+2,46+2,46+2,46+2,55+2,75,78,58,76,68,83,70,52,64,85,92,92,82,76,78,78,67,73,76,74,54,31,77,72,60,79,17,29,28,12,8,13,8,15,,,
437,https://en.wikipedia.org/wiki/Keita_Bald%C3%A9,215785,K. Baldé,23,https://cdn.sofifa.org/players/4/19/215785.png,Senegal,https://cdn.sofifa.org/flags/136.png,80,86,Inter,https://cdn.sofifa.org/teams/2/light/44.png,€18M,€54K,1892,Right,1,4,4,High/ Medium,Normal,No,ST,18,5-Jul-18,,2023,5'9,174lbs,78+2,78+2,78+2,74+2,76+2,76+2,76+2,74+2,73+2,73+2,73+2,72+2,65+2,65+2,65+2,72+2,55+2,53+2,53+2,53+2,55+2,53+2,52+2,52+2,52+2,53+2,56,82,79,62,68,78,71,33,50,79,82,83,79,75,70,79,81,75,86,68,74,31,79,72,59,77,46,22,25,11,8,8,8,13,€34.2M,-38.416096,-63.616673
561,https://en.wikipedia.org/wiki/Lautaro_Mart%C3%Adnez,231478,L. Martínez,20,https://cdn.sofifa.org/players/4/19/231478.png,Argentina,https://cdn.sofifa.org/flags/52.png,79,79,Inter,https://cdn.sofifa.org/teams/2/light/44.png,€9.5M,€62K,2168,Left,2,3,4,High/ High,Stocky,No,LB,18,2-Jul-18,,2021,5'8,165lbs,73+2,73+2,73+2,76+2,76+2,76+2,76+2,76+2,77+2,77+2,77+2,77+2,78+2,78+2,78+2,77+2,78+2,78+2,78+2,78+2,78+2,78+2,77+2,77+2,77+2,78+2,78,55,68,81,76,82,72,68,79,81,77,77,85,78,83,84,78,76,75,78,82,78,78,76,64,76,80,78,80,5,4,3,4,5,€16.2M,,
679,https://en.wikipedia.org/wiki/Kwadwo_Asamoah,186832,K. Asamoah,29,https://cdn.sofifa.org/players/4/19/186832.png,Ghana,https://cdn.sofifa.org/flags/117.png,79,82,Inter,https://cdn.sofifa.org/teams/2/light/44.png,€11.5M,€46K,1981,Right,2,2,3,Medium/ High,Lean,No,CDM,5,1-Aug-17,,2023,6'3,170lbs,69+2,69+2,69+2,70+2,71+2,71+2,71+2,70+2,72+2,72+2,72+2,71+2,75+2,75+2,75+2,71+2,75+2,77+2,77+2,77+2,75+2,75+2,75+2,75+2,75+2,75+2,64,54,73,78,68,75,68,38,75,77,68,68,64,72,62,76,64,85,71,73,74,80,68,73,40,74,77,78,76,12,6,8,7,9,€20.4M,41.87194,12.56738
798,https://en.wikipedia.org/wiki/Roberto_Gagliardini,212153,R. Gagliardini,24,https://cdn.sofifa.org/players/4/19/212153.png,Italy,https://cdn.sofifa.org/flags/27.png,78,80,Inter,https://cdn.sofifa.org/teams/2/light/44.png,€8.5M,€41K,1971,Left,1,3,3,High/ Medium,Lean,No,LB,29,9-Aug-17,,2023,5'11,154lbs,68+2,68+2,68+2,73+2,71+2,71+2,71+2,73+2,71+2,71+2,71+2,74+2,70+2,70+2,70+2,74+2,75+2,71+2,71+2,71+2,75+2,74+2,70+2,70+2,70+2,74+2,76,52,60,72,52,78,68,47,68,75,91,91,83,68,67,72,59,80,67,60,74,68,72,66,42,69,72,74,74,7,11,7,9,9,€15.1M,-14.235004,-51.925282
1238,https://en.wikipedia.org/wiki/Dalbert_Henrique,229148,Dalbert,24,https://cdn.sofifa.org/players/4/19/229148.png,Brazil,https://cdn.sofifa.org/flags/54.png,76,76,Inter,https://cdn.sofifa.org/teams/2/light/44.png,€6M,€50K,1980,Right,2,3,3,Medium/ Medium,Normal,Yes,LB,33,30-Jan-14,,2021,5'11,165lbs,65+2,65+2,65+2,66+2,65+2,65+2,65+2,66+2,65+2,65+2,65+2,67+2,67+2,67+2,67+2,67+2,74+2,72+2,72+2,72+2,74+2,74+2,75+2,75+2,75+2,74+2,71,48,71,69,54,69,63,62,64,72,72,72,74,76,70,66,78,76,68,58,77,75,65,54,60,72,78,79,77,9,10,15,13,15,€10.2M,41.87194,12.56738
1247,https://en.wikipedia.org/wiki/Danilo_D%27Ambrosio,198946,D. D'Ambrosio,29,https://cdn.sofifa.org/players/4/19/198946.png,Italy,https://cdn.sofifa.org/flags/27.png,76,76,Inter,https://cdn.sofifa.org/teams/2/light/44.png,€5.5M,€47K,1559,Right,2,3,2,Low/ Medium,Lean,Yes,CB,13,1-Jun-10,,2019,6'5,179lbs,48+2,48+2,48+2,47+2,49+2,49+2,49+2,47+2,52+2,52+2,52+2,51+2,60+2,60+2,60+2,51+2,64+2,70+2,70+2,70+2,64+2,65+2,74+2,74+2,74+2,65+2,45,22,75,67,24,58,30,34,65,66,31,39,44,65,31,59,74,61,80,31,68,80,24,56,34,69,75,80,76,12,15,11,12,15,€9.4M,41.87194,12.56738
1425,https://en.wikipedia.org/wiki/Andrea_Ranocchia,182168,A. Ranocchia,30,https://cdn.sofifa.org/players/4/19/182168.png,Italy,https://cdn.sofifa.org/flags/27.png,76,91,Real Madrid,https://cdn.sofifa.org/teams/2/light/243.png,€67M,€420K,2280,Right,4,4,4,High/ High,Lean,Yes,RCM,10,1-Aug-12,,2020,5'8,146lbs,77+3,77+3,77+3,85+3,84+3,84+3,84+3,85+3,87+3,87+3,87+3,86+3,88+3,88+3,88+3,86+3,82+3,81+3,81+3,81+3,82+3,79+3,71+3,71+3,71+3,79+3,86,72,55,93,76,90,85,78,88,93,80,72,93,90,94,79,68,89,58,82,62,83,79,92,82,84,60,76,73,13,9,7,14,9,€137.4M,,
6,https://en.wikipedia.org/wiki/Luka_Modri%C4%87,177003,L. Modrić,32,https://cdn.sofifa.org/players/4/19/177003.png,Croatia,https://cdn.sofifa.org/flags/10.png,91,91,Real Madrid,https://cdn.sofifa.org/teams/2/light/243.png,€51M,€380K,2201,Right,4,3,3,High/ Medium,Normal,Yes,RCB,15,1-Aug-05,,2020,6'0,181lbs,73+3,73+3,73+3,70+3,71+3,71+3,71+3,70+3,71+3,71+3,71+3,72+3,75+3,75+3,75+3,72+3,81+3,84+3,84+3,84+3,81+3,84+3,87+3,87+3,87+3,84+3,66,60,91,78,66,63,74,72,77,84,76,75,78,85,66,79,93,84,83,59,88,90,60,63,75,82,87,92,91,11,8,9,7,11,€104.6M,,
8,https://en.wikipedia.org/wiki/Sergio_Ramos,155862,Sergio Ramos,32,https://cdn.sofifa.org/players/4/19/155862.png,Spain,https://cdn.sofifa.org/flags/45.png,91,90,Real Madrid,https://cdn.sofifa.org/teams/2/light/243.png,€76.5M,€355K,2190,Right,4,5,3,Medium/ Medium,Normal,Yes,LCM,8,17-Jul-14,,2022,6'0,168lbs,78+3,78+3,78+3,81+3,82+3,82+3,82+3,81+3,84+3,84+3,84+3,82+3,86+3,86+3,86+3,82+3,79+3,82+3,82+3,82+3,79+3,77+3,72+3,72+3,72+3,77+3,88,76,54,92,82,81,86,84,93,90,64,62,70,89,71,87,30,75,73,92,60,82,79,86,73,85,72,79,69,10,11,13,7,10,€156.8M,51.165691,10.451526
19,https://en.wikipedia.org/wiki/Thibaut_Courtois,192119,T. Courtois,26,https://cdn.sofifa.org/players/4/19/192119.png,Belgium,https://cdn.sofifa.org/flags/7.png,89,90,Real Madrid,https://cdn.sofifa.org/teams/2/light/243.png,€59.5M,€285K,2170,Right,3,3,2,Medium/ High,Normal,Yes,CDM,14,11-Jul-13,,2021,6'1,185lbs,72+3,72+3,72+3,69+3,73+3,73+3,73+3,69+3,74+3,74+3,74+3,71+3,80+3,80+3,80+3,71+3,78+3,85+3,85+3,85+3,78+3,79+3,85+3,85+3,85+3,79+3,52,59,76,85,53,69,59,74,82,78,59,65,62,84,66,86,88,87,89,79,87,87,69,77,66,84,88,90,87,13,14,16,12,12,€126.4M,,
27,https://en.wikipedia.org/wiki/Casemiro,200145,Casemiro,26,https://cdn.sofifa.org/players/4/19/200145.png,Brazil,https://cdn.sofifa.org/flags/54.png,88,91,Real Madrid,https://cdn.sofifa.org/teams/2/light/243.png,€73.5M,€315K,2137,Right,3,3,4,High/ Medium,Normal,Yes,LW,22,3-Jul-13,,2022,5'9,174lbs,76+3,76+3,76+3,84+3,83+3,83+3,83+3,84+3,86+3,86+3,86+3,83+3,83+3,83+3,83+3,83+3,72+3,73+3,73+3,73+3,72+3,68+3,63+3,63+3,63+3,68+3,75,79,55,89,65,94,88,76,83,95,75,69,87,77,90,69,64,70,59,87,58,64,78,89,76,86,60,64,51,10,8,12,15,6,€156.2M,-14.235004,-51.925282
30,https://en.wikipedia.org/wiki/Isco,197781,Isco,26,https://cdn.sofifa.org/players/4/19/197781.png,Spain,https://cdn.sofifa.org/flags/45.png,88,88,Real Madrid,https://cdn.sofifa.org/teams/2/light/243.png,€43M,€285K,2279,Left,4,4,5,High/ Low,Normal,Yes,LB,12,1-Jan-07,,2022,5'9,176lbs,80+3,80+3,80+3,84+3,83+3,83+3,83+3,84+3,84+3,84+3,84+3,85+3,84+3,84+3,84+3,85+3,85+3,83+3,83+3,83+3,85+3,84+3,81+3,81+3,81+3,84+3,90,70,75,84,54,90,85,67,76,92,83,82,86,88,86,83,76,91,78,70,84,85,85,82,59,86,71,85,86,12,5,5,5,9,€88.2M,,
35,"https://en.wikipedia.org/wiki/Marcelo_(footballer,_born_1988)",176676,Marcelo,30,https://cdn.sofifa.org/players/4/19/176676.png,Brazil,https://cdn.sofifa.org/flags/54.png,88,88,Real Madrid,https://cdn.sofifa.org/teams/2/light/243.png,€60M,€355K,2279,Left,4,3,4,High/ Medium,Lean,Yes,ST,11,2-Sep-13,,2022,6'1,181lbs,86+3,86+3,86+3,86+3,86+3,86+3,86+3,86+3,85+3,85+3,85+3,85+3,80+3,80+3,80+3,85+3,73+3,70+3,70+3,70+3,73+3,71+3,67+3,67+3,67+3,71+3,87,86,84,85,85,87,90,87,80,85,94,95,82,85,65,92,87,75,80,91,65,59,85,79,76,86,54,55,52,15,15,11,5,6,€123M,-14.235004,-51.925282
36,https://en.wikipedia.org/wiki/Gareth_Bale,173731,G. Bale,28,https://cdn.sofifa.org/players/4/19/173731.png,Wales,https://cdn.sofifa.org/flags/50.png,88,91,Real Madrid,https://cdn.sofifa.org/teams/2/light/243.png,€50M,€210K,1895,Right,3,3,2,Medium/ High,Lean,Yes,RCB,4,1-Jul-11,,2022,6'3,179lbs,62+3,62+3,62+3,61+3,63+3,63+3,63+3,61+3,64+3,64+3,64+3,64+3,69+3,69+3,69+3,64+3,75+3,79+3,79+3,79+3,75+3,78+3,83+3,83+3,83+3,78+3,36,40,83,75,42,57,46,54,76,77,83,85,63,83,40,52,79,73,84,53,77,82,44,56,43,82,87,88,87,11,11,9,5,14,€106.3M,,
62,https://en.wikipedia.org/wiki/Rapha%C3%ABl_Varane,201535,R. Varane,25,https://cdn.sofifa.org/players/4/19/201535.png,France,https://cdn.sofifa.org/flags/18.png,86,92,Real Madrid,https://cdn.sofifa.org/teams/2/light/243.png,€54M,€215K,2050,Left,3,3,4,High/ Medium,Normal,Yes,RW,10,1-Jul-15,,2023,6'0,168lbs,79+3,79+3,79+3,83+3,83+3,83+3,83+3,83+3,83+3,83+3,83+3,83+3,79+3,79+3,79+3,83+3,66+3,63+3,63+3,63+3,66+3,62+3,51+3,51+3,51+3,62+3,82,82,50,83,79,86,83,76,82,85,85,82,79,82,76,86,58,76,61,88,45,45,82,84,62,83,40,42,39,13,9,6,12,10,€121.5M,,
79,https://en.wikipedia.org/wiki/Marco_Asensio,220834,Marco Asensio,22,https://cdn.sofifa.org/players/4/19/220834.png,Spain,https://cdn.sofifa.org/flags/45.png,85,85,Real Madrid,https://cdn.sofifa.org/teams/2/light/243.png,€37M,€240K,2000,Right,4,4,4,Medium/ Low,Normal,Yes,ST,9,9-Jul-09,,2021,6'1,179lbs,81+3,81+3,81+3,81+3,82+3,82+3,82+3,81+3,81+3,81+3,81+3,80+3,73+3,73+3,73+3,80+3,57+3,56+3,56+3,56+3,57+3,53+3,49+3,49+3,49+3,53+3,75,81,80,83,82,83,79,73,62,86,76,76,76,83,66,81,73,75,80,75,65,22,86,85,82,79,47,15,12,13,11,5,5,7,€75.9M,,
105,https://en.wikipedia.org/wiki/Karim_Benzema,165153,K. Benzema,30,https://cdn.sofifa.org/players/4/19/165153.png,France,https://cdn.sofifa.org/flags/18.png,85,87,Real Madrid,https://cdn.sofifa.org/teams/2/light/243.png,€31.5M,€185K,2040,Right,3,3,3,High/ High,Stocky,Yes,RB,2,5-Jul-13,,2022,5'8,161lbs,65+3,65+3,65+3,71+3,68+3,68+3,68+3,71+3,70+3,70+3,70+3,74+3,73+3,73+3,73+3,74+3,82+3,80+3,80+3,80+3,82+3,82+3,80+3,80+3,80+3,82+3,83,41,70,81,34,76,72,47,71,83,79,84,81,82,79,64,76,84,74,36,81,83,61,57,45,77,83,83,85,13,13,15,9,15,€66.9M,,
123,https://en.wikipedia.org/wiki/Dani_Carvajal,204963,Carvajal,26,https://cdn.sofifa.org/players/4/19/204963.png,Spain,https://cdn.sofifa.org/flags/45.png,84,83,Real Madrid,https://cdn.sofifa.org/teams/2/light/243.png,€27M,€205K,2048,Right,2,4,4,High/ High,Normal,Yes,RW,17,2-Jul-15,,2021,5'8,154lbs,75+2,75+2,75+2,81+2,80+2,80+2,80+2,81+2,81+2,81+2,81+2,82+2,78+2,78+2,78+2,82+2,69+2,65+2,65+2,65+2,69+2,65+2,55+2,55+2,55+2,65+2,86,73,52,83,54,82,82,75,75,83,84,79,79,85,84,82,68,90,57,80,65,44,81,83,56,75,42,50,44,9,16,9,9,7,€55.4M,,
172,https://en.wikipedia.org/wiki/Lucas_V%C3%A1zquez,208618,Lucas Vázquez,27,https://cdn.sofifa.org/players/4/19/208618.png,Spain,https://cdn.sofifa.org/flags/45.png,83,85,Real Madrid,https://cdn.sofifa.org/teams/2/light/243.png,€24.5M,€180K,1855,Right,2,4,2,Medium/ High,Normal,Yes,CB,12,1-Aug-10,,2021,5'11,168lbs,58+2,58+2,58+2,61+2,59+2,59+2,59+2,61+2,60+2,60+2,60+2,64+2,66+2,66+2,66+2,64+2,77+2,77+2,77+2,77+2,77+2,79+2,80+2,80+2,80+2,79+2,70,32,82,80,38,55,55,37,61,78,70,79,60,79,68,54,81,78,79,28,78,81,37,53,45,73,75,86,85,12,7,10,15,7,€52.1M,,
188,"https://en.wikipedia.org/wiki/Nacho_(footballer,_born_1990)",200724,Nacho Fernández,28,https://cdn.sofifa.org/players/4/19/200724.png,Spain,https://cdn.sofifa.org/flags/45.png,83,88,Real Madrid,https://cdn.sofifa.org/teams/2/light/243.png,€25M,€120K,2059,Right,1,3,4,Medium/ Medium,Normal,Yes,LCM,21,14-Jul-17,,2023,5'10,154lbs,70+2,70+2,70+2,78+2,77+2,77+2,77+2,78+2,80+2,80+2,80+2,78+2,80+2,80+2,80+2,78+2,75+2,76+2,76+2,76+2,75+2,73+2,68+2,68+2,68+2,73+2,74,68,41,83,62,85,73,63,80,85,73,67,82,80,79,64,52,75,62,71,76,76,76,83,55,80,62,75,74,12,15,16,7,13,€56.3M,,
328,https://en.wikipedia.org/wiki/Dani_Ceballos,222509,Dani Ceballos,21,https://cdn.sofifa.org/players/4/19/222509.png,Spain,https://cdn.sofifa.org/flags/45.png,81,88,Real Madrid,https://cdn.sofifa.org/teams/2/light/243.png,€18.5M,€115K,1991,Right,1,3,3,High/ Medium,Lean,Yes,RB,19,5-Jul-18,,2024,5'9,146lbs,65+2,65+2,65+2,71+2,68+2,68+2,68+2,71+2,70+2,70+2,70+2,72+2,71+2,71+2,71+2,72+2,78+2,75+2,75+2,75+2,78+2,78+2,75+2,75+2,75+2,78+2,81,45,73,77,48,69,69,30,70,77,80,82,78,77,79,58,71,80,63,59,63,75,68,63,62,69,83,79,80,11,12,10,5,14,€41.6M,,
417,https://en.wikipedia.org/wiki/%C3%81lvaro_Odriozola,234035,Odriozola,22,https://cdn.sofifa.org/players/4/19/234035.png,Spain,https://cdn.sofifa.org/flags/45.png,80,85,Real Madrid,https://cdn.sofifa.org/teams/2/light/243.png,€20M,€140K,2041,Right,1,4,3,High/ Medium,Normal,No,ST,7,29-Aug-18,,2023,5'11,168lbs,79+2,79+2,79+2,74+2,76+2,76+2,76+2,74+2,73+2,73+2,73+2,72+2,67+2,67+2,67+2,72+2,59+2,59+2,59+2,59+2,59+2,58+2,58+2,58+2,58+2,58+2,50,81,82,69,70,75,76,76,51,72,84,85,79,82,72,85,92,81,79,82,86,45,79,63,75,68,41,40,34,12,14,6,8,15,€42.5M,,
430,https://en.wikipedia.org/wiki/Mariano_D%C3%Adaz,221639,Mariano,24,https://cdn.sofifa.org/players/4/19/221639.png,Dominican Republic,https://cdn.sofifa.org/flags/207.png,80,87,Real Madrid,https://cdn.sofifa.org/teams/2/light/243.png,€16M,€110K,1869,Right,1,3,3,Medium/ Medium,Lean,Yes,CDM,18,28-Nov-14,,2021,6'0,161lbs,61+2,61+2,61+2,65+2,66+2,66+2,66+2,65+2,70+2,70+2,70+2,68+2,75+2,75+2,75+2,68+2,72+2,77+2,77+2,77+2,72+2,72+2,73+2,73+2,73+2,72+2,56,39,61,84,44,68,45,51,81,78,61,59,58,74,66,58,66,75,72,56,65,80,65,76,53,76,76,79,72,13,6,6,11,15,€36M,,
573,https://en.wikipedia.org/wiki/Marcos_Llorente ,226161,Marcos Llorente,23,https://cdn.sofifa.org/players/4/19/226161.png,Spain,https://cdn.sofifa.org/flags/45.png,79,86,Real Madrid,https://cdn.sofifa.org/teams/2/light/243.png,€13.5M,€81K,1738,Right,1,3,2,Low/ High,Lean,Yes,CB,3,31-Jul-15,,2021,6'0,174lbs,56+2,56+2,56+2,55+2,55+2,55+2,55+2,55+2,56+2,56+2,56+2,58+2,62+2,62+2,62+2,58+2,70+2,73+2,73+2,73+2,70+2,72+2,76+2,76+2,76+2,72+2,41,44,74,76,36,56,29,31,75,67,67,74,69,77,69,49,77,66,69,31,74,82,32,33,45,76,79,78,81,10,13,15,13,6,€30.4M,,
754,https://en.wikipedia.org/wiki/Jes%C3%BAs_Vallejo,225161,Vallejo,21,https://cdn.sofifa.org/players/4/19/225161.png,Spain,https://cdn.sofifa.org/flags/45.png,78,92,Real Madrid,https://cdn.sofifa.org/teams/2/light/243.png,€17.5M,€66K,1849,Right,1,4,5,High/ Medium,Lean,No,LW,28,12-Jul-18,,2025,5'9,161lbs,72+2,72+2,72+2,76+2,75+2,75+2,75+2,76+2,74+2,74+2,74+2,75+2,65+2,65+2,65+2,75+2,56+2,50+2,50+2,50+2,56+2,52+2,42+2,42+2,42+2,52+2,65,70,50,70,71,81,77,62,48,80,92,94,90,70,82,74,74,79,59,68,48,26,74,69,65,75,32,25,18,5,7,7,7,10,€46.8M,,
1143,https://en.wikipedia.org/wiki/Vin%C3%ADcius_J%C3%Banior,238794,Vinícius Júnior,17,https://cdn.sofifa.org/players/4/19/238794.png,Brazil,https://cdn.sofifa.org/flags/54.png,77,84,Real Madrid,https://cdn.sofifa.org/teams/2/light/243.png,€8.5M,€46K,1789,Right,1,3,3,Medium/ Medium,Normal,Yes,CM,5,22-Jul-16,,2021,6'0,172lbs,66+2,66+2,66+2,68+2,70+2,70+2,70+2,68+2,71+2,71+2,71+2,68+2,73+2,73+2,73+2,68+2,65+2,69+2,69+2,69+2,65+2,64+2,62+2,62+2,62+2,64+2,49,67,48,78,38,70,51,48,81,74,69,68,51,69,64,77,49,68,56,77,59,68,61,75,42,70,70,67,50,6,10,6,15,8,€19.1M,-14.235004,-51.925282
2513,https://en.wikipedia.org/wiki/Federico_Valverde,239053,F. Valverde,19,https://cdn.sofifa.org/players/4/19/239053.png,Uruguay,https://cdn.sofifa.org/flags/60.png,74,80,Real Madrid,https://cdn.sofifa.org/teams/2/light/243.png,€1.4M,€28K,1619,Left,1,3,3,High/ Medium,Normal,No,LB,23,1-Jul-17,,2020,5'10,150lbs,52+2,52+2,52+2,58+2,56+2,56+2,56+2,58+2,57+2,57+2,57+2,61+2,58+2,58+2,58+2,61+2,67+2,62+2,62+2,62+2,67+2,67+2,63+2,63+2,63+2,67+2,66,22,59,62,18,63,50,39,44,67,74,72,52,66,71,54,60,72,45,33,58,67,56,54,42,64,66,68,68,11,14,9,5,12,€3.2M,,
6724,https://en.wikipedia.org/wiki/Sergio_Reguil%C3%B3n,245279,Reguilón,21,https://cdn.sofifa.org/players/4/19/245279.png,Spain,https://cdn.sofifa.org/flags/45.png,68,79,Real Madrid,https://cdn.sofifa.org/teams/2/light/243.png,€1.2M,€24K,1444,Right,1,3,2,Medium/ Medium,Lean,No,CB,31,1-Jul-16,,2019,6'2,170lbs,45+2,45+2,45+2,44+2,44+2,44+2,44+2,44+2,45+2,45+2,45+2,46+2,50+2,50+2,50+2,46+2,59+2,61+2,61+2,61+2,59+2,61+2,66+2,66+2,66+2,61+2,32,28,66,63,18,34,27,34,38,61,55,64,41,63,51,38,72,68,68,32,70,67,25,35,38,55,64,67,65,11,15,13,8,13,€2.7M,,
8732,https://en.wikipedia.org/wiki/Javi_S%C3%A1nchez_(footballer),245238,Javi Sánchez,21,https://cdn.sofifa.org/players/4/19/245238.png,Spain,https://cdn.sofifa.org/flags/45.png,67,78,Real Madrid,https://cdn.sofifa.org/teams/2/light/243.png,€1.2M,€26K,1701,Right,1,2,3,Medium/ Medium,Lean,No,ST,27,18-Jul-17,,2019,5'10,163lbs,65+2,65+2,65+2,66+2,66+2,66+2,66+2,66+2,66+2,66+2,66+2,65+2,61+2,61+2,61+2,65+2,51+2,51+2,51+2,51+2,51+2,49+2,45+2,45+2,45+2,49+2,54,70,58,64,60,69,64,50,60,68,73,70,70,60,71,65,65,63,49,63,52,29,68,67,54,61,45,39,26,11,9,13,9,13,€2.6M,,
9141,https://en.wikipedia.org/wiki/Cristo_Gonz%C3%A1lez,225105,Cristo González,20,https://cdn.sofifa.org/players/4/19/225105.png,Spain,https://cdn.sofifa.org/flags/45.png,66,80,Real Madrid,https://cdn.sofifa.org/teams/2/light/243.png,€1.2M,€23K,1574,Right,1,4,3,Medium/ Medium,Normal,No,LW,34,1-Jul-17,,2019,5'8,152lbs,63+2,63+2,63+2,64+2,64+2,64+2,64+2,64+2,62+2,62+2,62+2,62+2,55+2,55+2,55+2,62+2,48+2,44+2,44+2,44+2,48+2,44+2,38+2,38+2,38+2,44+2,64,72,49,62,55,70,44,45,45,65,68,68,67,53,78,72,47,62,61,71,45,22,58,56,50,54,35,23,20,7,13,9,13,5,€3.2M,,
10178,https://es.wikipedia.org/wiki/Franchu_Feuillassier,241467,F. Feuillassier,20,https://cdn.sofifa.org/players/4/19/241467.png,Argentina,https://cdn.sofifa.org/flags/52.png,65,75,Real Madrid,https://cdn.sofifa.org/teams/2/light/243.png,€875K,€20K,1673,Right,1,3,3,High/ Medium,Lean,No,CM,36,1-Jul-16,,2019,5'9,150lbs,57+2,57+2,57+2,63+2,62+2,62+2,62+2,63+2,64+2,64+2,64+2,64+2,64+2,64+2,64+2,64+2,58+2,59+2,59+2,59+2,58+2,56+2,52+2,52+2,52+2,56+2,61,49,44,69,46,68,62,53,65,70,65,63,68,62,77,54,51,64,49,48,62,52,59,70,49,68,46,51,47,10,9,10,11,9,€2M,-38.416096,-63.616673
10269,https://en.wikipedia.org/wiki/Fidalgo,246608,Fidalgo,21,https://cdn.sofifa.org/players/4/19/246608.png,Spain,https://cdn.sofifa.org/flags/45.png,65,80,Real Madrid,https://cdn.sofifa.org/teams/2/light/243.png,€875K,€9K,1715,Right,1,3,3,High/ Medium,Lean,No,RB,32,1-Jul-18,,2019,5'10,146lbs,58+2,58+2,58+2,61+2,59+2,59+2,59+2,61+2,59+2,59+2,59+2,61+2,58+2,58+2,58+2,61+2,63+2,59+2,59+2,59+2,63+2,63+2,59+2,59+2,59+2,63+2,63,52,56,61,48,64,57,41,56,63,78,79,69,63,72,63,61,61,51,59,62,60,50,46,43,62,59,61,62,12,12,11,7,13,€2.3M,,
11163,https://en.wikipedia.org/wiki/Sergio_L%C3%B3pez,245287,Sergio López,19,https://cdn.sofifa.org/players/4/19/245287.png,Spain,https://cdn.sofifa.org/flags/45.png,64,79,Real Madrid,https://cdn.sofifa.org/teams/2/light/243.png,€825K,€9K,1644,Left,1,3,2,High/ Medium,Normal,No,LB,37,1-Jul-18,,2019,5'7,139lbs,53+2,53+2,53+2,60+2,57+2,57+2,57+2,60+2,57+2,57+2,57+2,61+2,57+2,57+2,57+2,61+2,63+2,58+2,58+2,58+2,63+2,62+2,57+2,57+2,57+2,62+2,65,42,44,57,39,62,55,36,49,65,79,79,68,62,89,47,60,66,44,45,63,62,49,54,39,60,60,58,59,9,6,12,9,11,€2.2M,,
11327,https://en.wikipedia.org/wiki/Francisco_Garc%C3%ADa_Solsona,246606,Fran García,18,https://cdn.sofifa.org/players/4/19/246606.png,Spain,https://cdn.sofifa.org/flags/45.png,64,76,Real Madrid,https://cdn.sofifa.org/teams/2/light/243.png,€700K,€9K,1568,Right,1,3,2,Medium/ Medium,Normal,No,CB,33,1-Jul-17,,2021,5'11,170lbs,51+2,51+2,51+2,52+2,52+2,52+2,52+2,52+2,52+2,52+2,52+2,54+2,54+2,54+2,54+2,54+2,60+2,60+2,60+2,60+2,60+2,61+2,63+2,63+2,63+2,61+2,44,32,68,62,29,56,44,39,53,64,61,63,61,59,64,47,59,66,62,45,58,55,43,37,42,47,70,65,67,11,12,13,12,5,€1.6M,,
11877,https://en.wikipedia.org/wiki/Manu_Hernan,243155,Manu Hernando,19,https://cdn.sofifa.org/players/4/19/243155.png,Spain,https://cdn.sofifa.org/flags/45.png,64,77,Real Madrid,https://cdn.sofifa.org/teams/2/light/243.png,€800K,€12K,1448,Right,1,3,2,Medium/ Medium,Normal,No,ST,38,1-Jul-17,,2022,5'10,154lbs,61+2,61+2,61+2,57+2,59+2,59+2,59+2,57+2,57+2,57+2,57+2,55+2,48+2,48+2,48+2,55+2,39+2,38+2,38+2,38+2,39+2,38+2,36+2,36+2,36+2,38+2,32,67,58,54,54,60,41,45,35,66,66,65,70,56,65,59,62,51,70,52,28,12,61,42,57,44,41,12,15,7,10,13,8,14,€2.1M,,
12504,https://en.wikipedia.org/wiki/Daniel_G%C3%B3mez_Alc%C3%B3n,243315,Dani Gómez,19,https://cdn.sofifa.org/players/4/19/243315.png,Spain,https://cdn.sofifa.org/flags/45.png,63,88,Milan,https://cdn.sofifa.org/teams/2/light/47.png,€57M,€245K,1965,Right,4,4,3,High/ Medium,Normal,Yes,LS,9,,Juventus,30-Jun-19,6'1,196lbs,85+3,85+3,85+3,81+3,83+3,83+3,83+3,81+3,80+3,80+3,80+3,78+3,71+3,71+3,71+3,78+3,55+3,53+3,53+3,53+3,55+3,51+3,48+3,48+3,48+3,51+3,68,92,80,75,90,84,74,62,59,85,73,73,75,86,69,86,79,70,85,80,50,20,92,74,70,86,35,22,18,5,12,7,5,10,,,
38,https://en.wikipedia.org/wiki/Gonzalo_Higua%C3%ADn,167664,G. Higuaín,30,https://cdn.sofifa.org/players/4/19/167664.png,Argentina,https://cdn.sofifa.org/flags/52.png,88,86,Milan,https://cdn.sofifa.org/teams/2/light/47.png,€33M,€115K,1959,Left,3,3,4,High/ Medium,Lean,No,RW,11,17-Jan-15,,2022,5'9,154lbs,74+3,74+3,74+3,82+3,81+3,81+3,81+3,82+3,83+3,83+3,83+3,82+3,76+3,76+3,76+3,82+3,60+3,56+3,56+3,56+3,60+3,55+3,42+3,42+3,42+3,55+3,84,70,50,86,72,88,87,80,75,89,83,77,86,78,84,78,50,77,56,87,23,20,76,84,72,76,50,23,18,15,15,9,8,9,€58.6M,-38.416096,-63.616673
183,https://en.wikipedia.org/wiki/Suso_(footballer),202651,Suso,24,https://cdn.sofifa.org/players/4/19/202651.png,Spain,https://cdn.sofifa.org/flags/45.png,83,86,Milan,https://cdn.sofifa.org/teams/2/light/47.png,€29M,€94K,1968,Left,2,2,4,Medium/ High,Lean,Yes,RM,7,17-Aug-18,,2023,6'0,148lbs,74+2,74+2,74+2,81+2,80+2,80+2,80+2,81+2,81+2,81+2,81+2,80+2,75+2,75+2,75+2,80+2,63+2,61+2,61+2,61+2,63+2,59+2,50+2,50+2,50+2,59+2,81,77,43,80,58,85,78,75,77,83,85,86,83,82,78,78,63,55,50,73,48,50,81,81,59,71,45,43,25,13,16,15,8,14,€51.5M,,
246,https://en.wikipedia.org/wiki/Samu_Castillejo,210617,Samu Castillejo,23,https://cdn.sofifa.org/players/4/19/210617.png,Spain,https://cdn.sofifa.org/flags/45.png,82,89,Milan,https://cdn.sofifa.org/teams/2/light/47.png,€26.5M,€84K,1750,Left,2,3,2,Medium/ High,Normal,No,LCB,13,11-Aug-15,,2022,6'2,172lbs,56+2,56+2,56+2,55+2,56+2,56+2,56+2,55+2,57+2,57+2,57+2,58+2,63+2,63+2,63+2,58+2,71+2,76+2,76+2,76+2,71+2,74+2,81+2,81+2,81+2,74+2,36,30,76,70,28,65,36,24,69,69,63,69,60,78,53,64,78,75,81,46,84,85,31,40,34,76,88,85,81,9,14,12,8,9,€50.4M,,
248,https://en.wikipedia.org/wiki/Alessio_Romagnoli,210413,A. Romagnoli,23,https://cdn.sofifa.org/players/4/19/210413.png,Italy,https://cdn.sofifa.org/flags/27.png,82,82,Milan,https://cdn.sofifa.org/teams/2/light/47.png,€22M,€115K,2207,Right,3,3,4,High/ Medium,Lean,No,CM,5,1-Sep-14,,2020,5'11,165lbs,77+3,77+3,77+3,80+3,80+3,80+3,80+3,80+3,81+3,81+3,81+3,80+3,81+3,81+3,81+3,80+3,78+3,77+3,77+3,77+3,78+3,76+3,72+3,72+3,72+3,76+3,82,70,70,84,78,83,78,78,80,85,75,77,77,82,77,84,69,84,66,86,68,72,78,82,68,82,74,72,68,10,14,7,15,14,€37.4M,41.87194,12.56738
284,https://en.wikipedia.org/wiki/Giacomo_Bonaventura,189125,G. Bonaventura,28,https://cdn.sofifa.org/players/4/19/189125.png,Italy,https://cdn.sofifa.org/flags/27.png,82,82,Milan,https://cdn.sofifa.org/teams/2/light/47.png,€12.5M,€98K,2104,Right,3,4,3,Medium/ High,Normal,No,CDM,21,17-Jul-17,,2020,5'10,139lbs,66+3,66+3,66+3,72+3,71+3,71+3,71+3,72+3,75+3,75+3,75+3,74+3,78+3,78+3,78+3,74+3,77+3,80+3,80+3,80+3,77+3,76+3,75+3,75+3,75+3,76+3,74,50,54,86,78,80,71,76,82,84,65,65,76,80,78,77,62,75,65,75,83,82,50,80,72,80,80,78,74,14,12,7,12,7,€21.3M,41.87194,12.56738
313,https://en.wikipedia.org/wiki/Lucas_Biglia,158963,L. Biglia,32,https://cdn.sofifa.org/players/4/19/158963.png,Argentina,https://cdn.sofifa.org/flags/52.png,82,86,Milan,https://cdn.sofifa.org/teams/2/light/47.png,€17.5M,€73K,1647,Right,2,3,2,Medium/ High,Normal,No,CB,33,2-Aug-18,,2023,6'2,176lbs,54+2,54+2,54+2,52+2,52+2,52+2,52+2,52+2,52+2,52+2,52+2,55+2,57+2,57+2,57+2,55+2,68+2,71+2,71+2,71+2,68+2,71+2,79+2,79+2,79+2,71+2,34,36,82,63,51,62,20,24,58,63,65,69,58,77,59,38,76,67,79,20,76,82,34,32,30,74,85,84,80,14,9,6,9,5,€33.3M,-38.416096,-63.616673
432,https://en.wikipedia.org/wiki/Mattia_Caldara,220477,M. Caldara,24,https://cdn.sofifa.org/players/4/19/220477.png,Italy,https://cdn.sofifa.org/flags/27.png,80,85,Milan,https://cdn.sofifa.org/teams/2/light/47.png,€17M,€85K,1928,Right,2,3,3,Medium/ Medium,Lean,Yes,LCM,14,,Chelsea,30-Jun-19,6'2,187lbs,63+2,63+2,63+2,66+2,67+2,67+2,67+2,66+2,69+2,69+2,69+2,69+2,74+2,74+2,74+2,69+2,74+2,78+2,78+2,78+2,74+2,75+2,78+2,78+2,78+2,75+2,55,37,71,78,36,76,51,37,75,77,67,69,64,74,57,72,76,83,80,50,87,80,60,73,45,68,71,84,82,11,15,11,14,10,,41.87194,12.56738
434,https://en.wikipedia.org/wiki/Ti%C3%A9mou%C3%A9_Bakayoko,219809,T. Bakayoko,23,https://cdn.sofifa.org/players/4/19/219809.png,France,https://cdn.sofifa.org/flags/18.png,80,84,Milan,https://cdn.sofifa.org/teams/2/light/47.png,€19.5M,€89K,2085,Right,3,4,4,Medium/ Medium,Normal,Yes,CAM,10,3-Jul-17,,2021,5'10,168lbs,73+3,73+3,73+3,79+3,78+3,78+3,78+3,79+3,80+3,80+3,80+3,79+3,78+3,78+3,78+3,79+3,71+3,70+3,70+3,70+3,71+3,68+3,60+3,60+3,60+3,68+3,81,65,53,83,77,85,92,90,80,86,73,69,78,78,77,86,46,76,54,88,57,61,75,80,71,78,62,56,56,9,14,11,6,10,€34.6M,,
449,https://en.wikipedia.org/wiki/Hakan_%C3%87alhano%C4%9Flu,208128,H. Çalhanoğlu,24,https://cdn.sofifa.org/players/4/19/208128.png,Turkey,https://cdn.sofifa.org/flags/48.png,80,83,Milan,https://cdn.sofifa.org/teams/2/light/47.png,€15.5M,€81K,2178,Left,3,3,4,Medium/ Medium,Normal,Yes,LB,13,1-Jul-17,,2021,5'11,170lbs,70+3,70+3,70+3,74+3,73+3,73+3,73+3,74+3,74+3,74+3,74+3,75+3,76+3,76+3,76+3,75+3,78+3,78+3,78+3,78+3,78+3,78+3,76+3,76+3,76+3,78+3,86,59,64,78,67,76,82,84,78,78,73,73,73,80,70,78,73,77,75,72,75,80,68,74,83,80,80,78,78,14,13,14,14,11,€27.5M,,
490,https://en.wikipedia.org/wiki/Ricardo_Rodr%C3%ADguez_(footballer),193352,R. Rodríguez,25,https://cdn.sofifa.org/players/4/19/193352.png,Switzerland,https://cdn.sofifa.org/flags/47.png,80,80,Milan,https://cdn.sofifa.org/teams/2/light/47.png,€12.5M,€85K,1892,Right,3,3,3,Medium/ Medium,Normal,No,RCB,22,1-Jul-17,,2021,5'11,161lbs,60+3,60+3,60+3,62+3,61+3,61+3,61+3,62+3,63+3,63+3,63+3,63+3,67+3,67+3,67+3,63+3,72+3,75+3,75+3,75+3,72+3,74+3,79+3,79+3,79+3,74+3,55,40,76,69,36,65,53,45,67,67,69,71,73,76,68,57,83,68,76,53,76,84,50,64,57,76,84,84,80,5,11,12,6,12,€21.3M,,
510,https://en.wikipedia.org/wiki/Mateo_Musacchio,186547,M. Musacchio,27,https://cdn.sofifa.org/players/4/19/186547.png,Argentina,https://cdn.sofifa.org/flags/52.png,80,88,Milan,https://cdn.sofifa.org/teams/2/light/47.png,€19.5M,€24K,2149,Right,2,4,3,High/ High,Normal,No,CM,14,,Atalanta,30-Jun-19,6'0,168lbs,74+2,74+2,74+2,74+2,75+2,75+2,75+2,74+2,75+2,75+2,75+2,75+2,77+2,77+2,77+2,75+2,77+2,79+2,79+2,79+2,77+2,77+2,78+2,78+2,78+2,77+2,66,64,68,79,60,78,58,48,75,79,71,77,68,76,79,84,79,96,87,76,86,80,76,71,82,76,80,78,74,9,11,12,12,10,,-38.416096,-63.616673
562,https://en.wikipedia.org/wiki/Franck_Kessi%C3%A9,230938,F. Kessié,21,https://cdn.sofifa.org/players/4/19/230938.png,#NAME?,https://cdn.sofifa.org/flags/108.png,79,88,Milan,https://cdn.sofifa.org/teams/2/light/47.png,€14.5M,€52K,1946,Right,1,3,3,Medium/ Medium,Normal,No,RB,2,1-Jul-15,,2022,5'9,154lbs,58+2,58+2,58+2,65+2,61+2,61+2,61+2,65+2,63+2,63+2,63+2,68+2,67+2,67+2,67+2,68+2,77+2,74+2,74+2,74+2,77+2,76+2,74+2,74+2,74+2,76+2,79,30,64,75,58,73,76,48,68,74,81,77,83,74,78,62,69,81,64,48,78,77,42,50,48,74,78,78,77,8,14,15,12,7,€27.6M,,
744,https://en.wikipedia.org/wiki/Davide_Calabria,228881,D. Calabria,21,https://cdn.sofifa.org/players/4/19/228881.png,Italy,https://cdn.sofifa.org/flags/27.png,78,80,Milan,https://cdn.sofifa.org/teams/2/light/47.png,€12.5M,€76K,1992,Left,2,3,4,High/ High,Lean,No,LB,17,17-Aug-18,,2022,5'10,150lbs,68+2,68+2,68+2,75+2,72+2,72+2,72+2,75+2,74+2,74+2,74+2,76+2,73+2,73+2,73+2,76+2,75+2,71+2,71+2,71+2,75+2,72+2,64+2,64+2,64+2,72+2,78,60,43,78,49,77,61,60,74,78,86,90,85,72,77,74,65,93,60,66,72,64,68,68,49,76,64,64,68,10,12,10,9,8,€22.2M,41.87194,12.56738
790,https://en.wikipedia.org/wiki/Diego_Laxalt,213400,D. Laxalt,25,https://cdn.sofifa.org/players/4/19/213400.png,Uruguay,https://cdn.sofifa.org/flags/60.png,78,77,Milan,https://cdn.sofifa.org/teams/2/light/47.png,€9M,€75K,2041,Left,2,3,4,Medium/ Medium,Normal,No,CM,16,2-Jul-15,,2019,5'10,165lbs,72+2,72+2,72+2,74+2,74+2,74+2,74+2,74+2,76+2,76+2,76+2,75+2,76+2,76+2,76+2,75+2,73+2,73+2,73+2,73+2,73+2,72+2,70+2,70+2,70+2,72+2,72,62,64,80,69,79,70,64,76,79,69,73,77,74,75,78,65,77,67,76,69,70,76,76,56,72,74,68,68,7,8,7,7,9,€15.3M,,
978,https://en.wikipedia.org/wiki/Andrea_Bertolacci,192073,A. Bertolacci,27,https://cdn.sofifa.org/players/4/19/192073.png,Italy,https://cdn.sofifa.org/flags/27.png,77,77,Milan,https://cdn.sofifa.org/teams/2/light/47.png,€6M,€68K,1973,Right,2,2,3,High/ Medium,Lean,Yes,RB,20,1-Jul-09,,2019,5'11,161lbs,66+2,66+2,66+2,71+2,69+2,69+2,69+2,71+2,71+2,71+2,71+2,73+2,72+2,72+2,72+2,73+2,76+2,74+2,74+2,74+2,76+2,75+2,74+2,74+2,74+2,75+2,75,38,68,76,60,75,69,44,72,75,77,85,75,76,75,68,75,76,69,60,76,75,74,68,48,78,76,76,75,3,3,5,3,3,€10.2M,41.87194,12.56738
1038,https://en.wikipedia.org/wiki/Ignazio_Abate,168312,I. Abate,31,https://cdn.sofifa.org/players/4/19/168312.png,Italy,https://cdn.sofifa.org/flags/27.png,77,89,Milan,https://cdn.sofifa.org/teams/2/light/47.png,€16M,€62K,1759,Right,1,3,3,High/ Medium,Normal,No,RS,63,1-Jul-15,,2023,6'0,172lbs,75+2,75+2,75+2,71+2,73+2,73+2,73+2,71+2,69+2,69+2,69+2,68+2,60+2,60+2,60+2,68+2,50+2,47+2,47+2,47+2,50+2,47+2,45+2,45+2,45+2,47+2,48,80,76,70,72,74,68,42,34,76,75,77,69,74,76,74,75,72,74,62,60,14,80,56,68,72,36,20,18,10,7,7,10,5,€30.4M,41.87194,12.56738
1070,https://en.wikipedia.org/wiki/Patrick_Cutrone,237715,P. Cutrone,20,https://cdn.sofifa.org/players/4/19/237715.png,Italy,https://cdn.sofifa.org/flags/27.png,77,83,Milan,https://cdn.sofifa.org/teams/2/light/47.png,€11M,€61K,1866,Left,1,3,4,High/ Low,Lean,No,RM,77,7-Jul-18,,2021,5'7,152lbs,63+2,63+2,63+2,75+2,73+2,73+2,73+2,75+2,76+2,76+2,76+2,75+2,72+2,72+2,72+2,75+2,63+2,60+2,60+2,60+2,63+2,58+2,46+2,46+2,46+2,58+2,76,58,24,80,64,79,80,69,70,81,78,74,78,74,88,64,54,68,32,72,40,54,70,80,75,72,60,36,28,15,11,11,13,10,€20.9M,41.87194,12.56738
1239,https://en.wikipedia.org/wiki/Alen_Halilovi%C4%87,216349,A. Halilović,22,https://cdn.sofifa.org/players/4/19/216349.png,Croatia,https://cdn.sofifa.org/flags/10.png,76,76,Milan,https://cdn.sofifa.org/teams/2/light/47.png,€8M,€76K,1958,Right,2,3,4,High/ Medium,Lean,Yes,LW,11,1-Jul-18,,2021,5'11,163lbs,75+2,75+2,75+2,76+2,76+2,76+2,76+2,76+2,75+2,75+2,75+2,75+2,69+2,69+2,69+2,75+2,60+2,59+2,59+2,59+2,60+2,57+2,54+2,54+2,54+2,57+2,74,72,74,76,75,78,72,61,62,79,77,75,78,77,67,76,71,77,68,72,72,30,78,72,78,76,68,30,26,11,6,8,12,6,€13.6M,,
1342,https://en.wikipedia.org/wiki/Fabio_Borini,186200,F. Borini,27,https://cdn.sofifa.org/players/4/19/186200.png,Italy,https://cdn.sofifa.org/flags/27.png,76,79,Milan,https://cdn.sofifa.org/teams/2/light/47.png,€8.5M,€58K,1965,Right,2,2,3,High/ High,Lean,No,RM,12,7-Jul-17,,2022,6'0,168lbs,68+2,68+2,68+2,72+2,70+2,70+2,70+2,72+2,70+2,70+2,70+2,73+2,72+2,72+2,72+2,73+2,76+2,73+2,73+2,73+2,76+2,75+2,71+2,71+2,71+2,75+2,76,58,64,76,59,74,67,42,69,76,75,82,79,76,68,68,53,87,59,49,73,73,73,63,48,72,76,74,74,9,13,13,9,10,€15.1M,41.87194,12.56738
1775,"https://en.wikipedia.org/wiki/Andrea_Conti_(footballer,_born_1994)",223329,A. Conti,24,https://cdn.sofifa.org/players/4/19/223329.png,Italy,https://cdn.sofifa.org/flags/27.png,75,74,Milan,https://cdn.sofifa.org/teams/2/light/47.png,€4.1M,€56K,1936,Left,2,4,3,Medium/ Medium,Lean,No,LB,23,2-Jul-18,,2021,6'1,172lbs,64+2,64+2,64+2,67+2,65+2,65+2,65+2,67+2,66+2,66+2,66+2,68+2,68+2,68+2,68+2,68+2,73+2,72+2,72+2,72+2,73+2,72+2,72+2,72+2,72+2,72+2,76,48,60,70,50,70,62,55,66,74,68,68,69,70,71,68,69,73,75,60,72,76,66,58,61,68,76,76,74,10,8,14,13,10,€6.9M,41.87194,12.56738
2460,https://en.wikipedia.org/wiki/Ivan_Strini%C4%87,201139,I. Strinić,30,https://cdn.sofifa.org/players/4/19/201139.png,Croatia,https://cdn.sofifa.org/flags/10.png,74,81,Milan,https://cdn.sofifa.org/teams/2/light/47.png,€5M,€44K,1457,Right,1,3,2,Medium/ High,Lean,No,CB,56,28-Aug-13,,2020,6'2,174lbs,45+2,45+2,45+2,45+2,45+2,45+2,45+2,45+2,46+2,46+2,46+2,48+2,52+2,52+2,52+2,48+2,62+2,66+2,66+2,66+2,62+2,64+2,72+2,72+2,72+2,64+2,43,20,68,58,12,54,29,27,58,58,43,56,51,68,51,57,71,59,79,21,76,72,20,38,21,66,80,74,72,5,3,5,5,3,€9.5M,,
3079,https://en.wikipedia.org/wiki/Stefan_Simi%C4%87,219591,S. Simič,23,https://cdn.sofifa.org/players/4/19/219591.png,Czech Republic,https://cdn.sofifa.org/flags/12.png,73,79,Milan,https://cdn.sofifa.org/teams/2/light/47.png,€4.3M,€43K,1916,Right,1,4,3,Medium/ High,Normal,No,CM,4,6-Jul-15,,2019,5'7,143lbs,57+2,57+2,57+2,68+2,65+2,65+2,65+2,68+2,70+2,70+2,70+2,69+2,71+2,71+2,71+2,69+2,69+2,69+2,69+2,69+2,69+2,67+2,61+2,61+2,61+2,67+2,66,40,41,78,64,77,72,55,74,78,77,65,89,66,93,64,75,74,33,68,69,68,50,72,62,68,70,62,66,12,8,7,15,6,€8.2M,,
3500,https://en.wikipedia.org/wiki/Jos%C3%A9_Mauri,219998,J. Mauri,22,https://cdn.sofifa.org/players/4/19/219998.png,Italy,https://cdn.sofifa.org/flags/27.png,72,,,,,,,,,,,,,,,,,,,,,,,,,,,,,,,,,,,,,,,,,,,,,,,,,,,,,,,,,,,,,,,,,,,,,,,,,,,,,,,,,,41.87194,12.56738
,,,,,,,,,,,,,,,,,,,,,,,,,,,,,,,,,,,,,,,,,,,,,,,,,,,,,,,,,,,,,,,,,,,,,,,,,,,,,,,,,,,,,,,,,,,
,,,,,,,,,,,,,,,,,,,,,,,,,,,,,,,,,,,,,,,,,,,,,,,,,,,,,,,,,,,,,,,,,,,,,,,,,,,,,,,,,,,,,,,,,,,
